Name,ISIN,Stock Market,Regulator 
Africa Oil,CA00829Q1019,Nasdaq Stockholm ,FIS
Etrion,CA29786T1057,Nasdaq Stockholm ,FIS
International Petroleum Corp.,CA46016U1084,Nasdaq Stockholm ,FIS
Josemaria Resources,CA48086P1009,Nasdaq Stockholm ,FIS
Lucara Diamond Corp,CA54928Q1081,Nasdaq Stockholm ,FIS
Lundin Gold,CA5503711080,Nasdaq Stockholm ,FIS
Lundin Mining Corporation,CA5503721063,Nasdaq Stockholm ,FIS
ABB Ltd,CH0012221716,Nasdaq Stockholm ,FIS
Cavotec,CH0136071542,Nasdaq Stockholm ,FIS
Fenix Outdoor International B,CH0242214887,Nasdaq Stockholm ,FIS
TRATON,DE000TRAT0N7,Nasdaq Stockholm ,FIS
Better Collective,DK0060952240,Nasdaq Stockholm ,FIS
TietoEVRY Oyj,FI0009000277,Nasdaq Stockholm ,FIS
Stora Enso A,FI0009007603,Nasdaq Stockholm ,FIS
Stora Enso R,FI0009007611,Nasdaq Stockholm ,FIS
Ahlstrom-Munksjö Oyj,FI4000048418,Nasdaq Stockholm ,FIS
Nordea Bank Abp,FI4000297767,Nasdaq Stockholm ,FIS
Adapteo,FI4000383898,Nasdaq Stockholm ,FIS
EnQuest PLC,GB00B635TG28,Nasdaq Stockholm ,FIS
AstraZeneca,GB0009895292,Nasdaq Stockholm ,FIS
Catena Media,MT0001000109,Nasdaq Stockholm ,FIS
Arctic Paper,PLARTPR00012,Nasdaq Stockholm ,FIS
Bergs Timber B,SE0000101297,Nasdaq Stockholm ,FIS
Bergman & Beving B,SE0000101362,Nasdaq Stockholm ,FIS
Concordia Maritime B,SE0000102824,Nasdaq Stockholm ,FIS
Hexagon B,SE0000103699,Nasdaq Stockholm ,FIS
Electrolux A,SE0000103806,Nasdaq Stockholm ,FIS
Electrolux B,SE0000103814,Nasdaq Stockholm ,FIS
Haldex,SE0000105199,Nasdaq Stockholm ,FIS
Peab B,SE0000106205,Nasdaq Stockholm ,FIS
Hennes & Mauritz B,SE0000106270,Nasdaq Stockholm ,FIS
Industrivärden C,SE0000107203,Nasdaq Stockholm ,FIS
Investor A,SE0000107401,Nasdaq Stockholm ,FIS
Investor B,SE0000107419,Nasdaq Stockholm ,FIS
KABE Group B,SE0000107724,Nasdaq Stockholm ,FIS
SKF A,SE0000108201,Nasdaq Stockholm ,FIS
SKF B,SE0000108227,Nasdaq Stockholm ,FIS
Ericsson A,SE0000108649,Nasdaq Stockholm ,FIS
Ericsson B,SE0000108656,Nasdaq Stockholm ,FIS
Lundbergföretagen B,SE0000108847,Nasdaq Stockholm ,FIS
Nolato B,SE0000109811,Nasdaq Stockholm ,FIS
Ratos B,SE0000111940,Nasdaq Stockholm ,FIS
Rottneros,SE0000112252,Nasdaq Stockholm ,FIS
SAAB B,SE0000112385,Nasdaq Stockholm ,FIS
SCA B,SE0000112724,Nasdaq Stockholm ,FIS
Skanska B,SE0000113250,Nasdaq Stockholm ,FIS
Trelleborg B,SE0000114837,Nasdaq Stockholm ,FIS
VBG GROUP B,SE0000115107,Nasdaq Stockholm ,FIS
Volvo A,SE0000115420,Nasdaq Stockholm ,FIS
Volvo B,SE0000115446,Nasdaq Stockholm ,FIS
NCC B,SE0000117970,Nasdaq Stockholm ,FIS
NCC A,SE0000118952,Nasdaq Stockholm ,FIS
Elanders B,SE0000119299,Nasdaq Stockholm ,FIS
SSAB B,SE0000120669,Nasdaq Stockholm ,FIS
Elos Medtech B,SE0000120776,Nasdaq Stockholm ,FIS
SEB C,SE0000120784,Nasdaq Stockholm ,FIS
Midway A,SE0000122657,Nasdaq Stockholm ,FIS
Midway B,SE0000122673,Nasdaq Stockholm ,FIS
Ortivus B,SE0000123085,Nasdaq Stockholm ,FIS
Rejlers B,SE0000123671,Nasdaq Stockholm ,FIS
RaySearch Laboratories B,SE0000135485,Nasdaq Stockholm ,FIS
SEB A,SE0000148884,Nasdaq Stockholm ,FIS
Securitas B,SE0000163594,Nasdaq Stockholm ,FIS
Elekta B,SE0000163628,Nasdaq Stockholm ,FIS
Hufvudstaden A,SE0000170375,Nasdaq Stockholm ,FIS
SSAB A,SE0000171100,Nasdaq Stockholm ,FIS
SCA A,SE0000171886,Nasdaq Stockholm ,FIS
Catella A,SE0000188500,Nasdaq Stockholm ,FIS
Catella B,SE0000188518,Nasdaq Stockholm ,FIS
Ortivus A,SE0000188930,Nasdaq Stockholm ,FIS
Industrivärden A,SE0000190126,Nasdaq Stockholm ,FIS
Ratos A,SE0000191090,Nasdaq Stockholm ,FIS
Atrium Ljungberg B,SE0000191827,Nasdaq Stockholm ,FIS
Gunnebo,SE0000195570,Nasdaq Stockholm ,FIS
Bure Equity,SE0000195810,Nasdaq Stockholm ,FIS
Getinge B,SE0000202624,Nasdaq Stockholm ,FIS
DORO,SE0000215493,Nasdaq Stockholm ,FIS
Pricer B,SE0000233934,Nasdaq Stockholm ,FIS
Concejo B,SE0000236382,Nasdaq Stockholm ,FIS
Swedbank A,SE0000242455,Nasdaq Stockholm ,FIS
Medivir B,SE0000273294,Nasdaq Stockholm ,FIS
Swedish Match,SE0000310336,Nasdaq Stockholm ,FIS
Havsfrun Investment B,SE0000312043,Nasdaq Stockholm ,FIS
Softronic B,SE0000323305,Nasdaq Stockholm ,FIS
Duroc B,SE0000331266,Nasdaq Stockholm ,FIS
MultiQ International,SE0000353898,Nasdaq Stockholm ,FIS
Prevas B,SE0000356008,Nasdaq Stockholm ,FIS
Net Insight B,SE0000366098,Nasdaq Stockholm ,FIS
Mycronic,SE0000375115,Nasdaq Stockholm ,FIS
Castellum,SE0000379190,Nasdaq Stockholm ,FIS
Semcon,SE0000379497,Nasdaq Stockholm ,FIS
Feelgood Svenska,SE0000381840,Nasdaq Stockholm ,FIS
Autoliv SDB,SE0000382335,Nasdaq Stockholm ,FIS
Lammhults Design Group B,SE0000386138,Nasdaq Stockholm ,FIS
Traction B,SE0000391716,Nasdaq Stockholm ,FIS
Profilgruppen B,SE0000393860,Nasdaq Stockholm ,FIS
Bong,SE0000396061,Nasdaq Stockholm ,FIS
Rizzo Group B,SE0000396822,Nasdaq Stockholm ,FIS
Svedbergs B,SE0000407991,Nasdaq Stockholm ,FIS
Modern Times Group A,SE0000412363,Nasdaq Stockholm ,FIS
Modern Times Group B,SE0000412371,Nasdaq Stockholm ,FIS
Proact IT Group,SE0000412991,Nasdaq Stockholm ,FIS
CTT Systems,SE0000418923,Nasdaq Stockholm ,FIS
Knowit,SE0000421273,Nasdaq Stockholm ,FIS
New Wave B,SE0000426546,Nasdaq Stockholm ,FIS
Biotage,SE0000454746,Nasdaq Stockholm ,FIS
Fast. Balder B,SE0000455057,Nasdaq Stockholm ,FIS
BioGaia B,SE0000470395,Nasdaq Stockholm ,FIS
Addnode Group B,SE0000472268,Nasdaq Stockholm ,FIS
Malmbergs Elektriska B,SE0000507659,Nasdaq Stockholm ,FIS
Micro Systemation B,SE0000526626,Nasdaq Stockholm ,FIS
Kungsleden,SE0000549412,Nasdaq Stockholm ,FIS
Midsona A,SE0000565210,Nasdaq Stockholm ,FIS
Midsona B,SE0000565228,Nasdaq Stockholm ,FIS
Poolia B,SE0000567539,Nasdaq Stockholm ,FIS
Sensys Gatso Group,SE0000567729,Nasdaq Stockholm ,FIS
NOVOTEK B,SE0000567752,Nasdaq Stockholm ,FIS
Clas Ohlson B,SE0000584948,Nasdaq Stockholm ,FIS
Duni,SE0000616716,Nasdaq Stockholm ,FIS
ICA Gruppen,SE0000652216,Nasdaq Stockholm ,FIS
Studsvik,SE0000653230,Nasdaq Stockholm ,FIS
Sandvik,SE0000667891,Nasdaq Stockholm ,FIS
Telia Company,SE0000667925,Nasdaq Stockholm ,FIS
Beijer Electronics Group,SE0000671711,Nasdaq Stockholm ,FIS
Moment Group,SE0000680902,Nasdaq Stockholm ,FIS
CellaVision,SE0000683484,Nasdaq Stockholm ,FIS
Alfa Laval,SE0000695876,Nasdaq Stockholm ,FIS
Oasmia Pharmaceutical,SE0000722365,Nasdaq Stockholm ,FIS
Orexo,SE0000736415,Nasdaq Stockholm ,FIS
Alligator Bioscience,SE0000767188,Nasdaq Stockholm ,FIS
AQ Group,SE0000772956,Nasdaq Stockholm ,FIS
BioInvent International,SE0000789711,Nasdaq Stockholm ,FIS
BTS Group B,SE0000805426,Nasdaq Stockholm ,FIS
JM,SE0000806994,Nasdaq Stockholm ,FIS
Lundin Energy,SE0000825820,Nasdaq Stockholm ,FIS
BillerudKorsnäs,SE0000862997,Nasdaq Stockholm ,FIS
Swedish Orphan Biovitrum,SE0000872095,Nasdaq Stockholm ,FIS
Intrum,SE0000936478,Nasdaq Stockholm ,FIS
Nobia,SE0000949331,Nasdaq Stockholm ,FIS
SinterCast,SE0000950982,Nasdaq Stockholm ,FIS
ZetaDisplay,SE0001105511,Nasdaq Stockholm ,FIS
FM Mattsson Mora Group B,SE0001116021,Nasdaq Stockholm ,FIS
Active Biotech,SE0001137985,Nasdaq Stockholm ,FIS
NOTE,SE0001161654,Nasdaq Stockholm ,FIS
Millicom Int. Cellular SDB,SE0001174970,Nasdaq Stockholm ,FIS
INVISIO,SE0001200015,Nasdaq Stockholm ,FIS
Probi,SE0001280355,Nasdaq Stockholm ,FIS
FormPipe Software,SE0001338039,Nasdaq Stockholm ,FIS
Indutrade,SE0001515552,Nasdaq Stockholm ,FIS
TradeDoubler,SE0001552357,Nasdaq Stockholm ,FIS
Electra Gruppen,SE0001572520,Nasdaq Stockholm ,FIS
A3 Allmänna IT- och Telekom.,SE0001625534,Nasdaq Stockholm ,FIS
Sagax pref,SE0001629288,Nasdaq Stockholm ,FIS
Diös Fastigheter,SE0001634262,Nasdaq Stockholm ,FIS
Husqvarna A,SE0001662222,Nasdaq Stockholm ,FIS
Husqvarna B,SE0001662230,Nasdaq Stockholm ,FIS
Catena,SE0001664707,Nasdaq Stockholm ,FIS
Precise Biometrics,SE0001823303,Nasdaq Stockholm ,FIS
G5 Entertainment,SE0001824004,Nasdaq Stockholm ,FIS
Lindab International,SE0001852419,Nasdaq Stockholm ,FIS
NAXS,SE0001965369,Nasdaq Stockholm ,FIS
C-RAD B,SE0002016352,Nasdaq Stockholm ,FIS
Odd Molly International,SE0002017657,Nasdaq Stockholm ,FIS
Arise,SE0002095604,Nasdaq Stockholm ,FIS
Mekonomen,SE0002110064,Nasdaq Stockholm ,FIS
Systemair,SE0002133975,Nasdaq Stockholm ,FIS
Hansa Biopharma,SE0002148817,Nasdaq Stockholm ,FIS
Eastnine,SE0002158568,Nasdaq Stockholm ,FIS
Karolinska Development B,SE0002190926,Nasdaq Stockholm ,FIS
Hexatronic Group,SE0002367797,Nasdaq Stockholm ,FIS
eWork Group,SE0002402701,Nasdaq Stockholm ,FIS
Abliva,SE0002575340,Nasdaq Stockholm ,FIS
GHP Specialty Care,SE0002579912,Nasdaq Stockholm ,FIS
Tobii,SE0002591420,Nasdaq Stockholm ,FIS
Cloetta B,SE0002626861,Nasdaq Stockholm ,FIS
Byggmax Group,SE0003303627,Nasdaq Stockholm ,FIS
SAS,SE0003366871,Nasdaq Stockholm ,FIS
Episurf B,SE0003491562,Nasdaq Stockholm ,FIS
Nelly Group,SE0003652163,Nasdaq Stockholm ,FIS
PledPharma,SE0003815604,Nasdaq Stockholm ,FIS
Bulten,SE0003849223,Nasdaq Stockholm ,FIS
Dedicare B,SE0003909282,Nasdaq Stockholm ,FIS
Concentric,SE0003950864,Nasdaq Stockholm ,FIS
Creades A,SE0004390516,Nasdaq Stockholm ,FIS
Eniro Pref B,SE0004633956,Nasdaq Stockholm ,FIS
Sagax A,SE0004635878,Nasdaq Stockholm ,FIS
Xvivo Perfusion,SE0004840718,Nasdaq Stockholm ,FIS
Platzer Fastigheter Holding B,SE0004977692,Nasdaq Stockholm ,FIS
Immunicum,SE0005003654,Nasdaq Stockholm ,FIS
Oscar Properties Holding,SE0005095601,Nasdaq Stockholm ,FIS
Sagax B,SE0005127818,Nasdaq Stockholm ,FIS
Tele2 A,SE0005190220,Nasdaq Stockholm ,FIS
Tele2 B,SE0005190238,Nasdaq Stockholm ,FIS
RNB RETAIL AND BRANDS,SE0005223674,Nasdaq Stockholm ,FIS
Ferronordic,SE0005468717,Nasdaq Stockholm ,FIS
Bufab,SE0005677135,Nasdaq Stockholm ,FIS
Recipharm B,SE0005757267,Nasdaq Stockholm ,FIS
Saniona,SE0005794617,Nasdaq Stockholm ,FIS
I.A.R Systems Group,SE0005851706,Nasdaq Stockholm ,FIS
OEM International B,SE0005876968,Nasdaq Stockholm ,FIS
Hanza Holding,SE0005878543,Nasdaq Stockholm ,FIS
Bactiguard Holding B,SE0005878741,Nasdaq Stockholm ,FIS
Besqab,SE0005991411,Nasdaq Stockholm ,FIS
Starbreeze B,SE0005992831,Nasdaq Stockholm ,FIS
Scandi Standard,SE0005999760,Nasdaq Stockholm ,FIS
ÅF Pöyry B,SE0005999836,Nasdaq Stockholm ,FIS
Immunovia,SE0006091997,Nasdaq Stockholm ,FIS
Christian Berner Tech Trade B,SE0006143129,Nasdaq Stockholm ,FIS
Inwido,SE0006220018,Nasdaq Stockholm ,FIS
Gränges,SE0006288015,Nasdaq Stockholm ,FIS
NP3 Fastigheter,SE0006342333,Nasdaq Stockholm ,FIS
Lifco B,SE0006370730,Nasdaq Stockholm ,FIS
Cantargia,SE0006371126,Nasdaq Stockholm ,FIS
Image Systems,SE0006421871,Nasdaq Stockholm ,FIS
Thule Group,SE0006422390,Nasdaq Stockholm ,FIS
Eltel,SE0006509949,Nasdaq Stockholm ,FIS
Stendörren Fastigheter B,SE0006543344,Nasdaq Stockholm ,FIS
Klövern A,SE0006593901,Nasdaq Stockholm ,FIS
Klövern B,SE0006593919,Nasdaq Stockholm ,FIS
Klövern pref,SE0006593927,Nasdaq Stockholm ,FIS
Dustin Group,SE0006625471,Nasdaq Stockholm ,FIS
K2A Knaust & Andersson Pref,SE0006852075,Nasdaq Stockholm ,FIS
Hoist Finance,SE0006887063,Nasdaq Stockholm ,FIS
Oscar Properties Holding PREF,SE0006992335,Nasdaq Stockholm ,FIS
Axfood,SE0006993770,Nasdaq Stockholm ,FIS
Collector,SE0007048020,Nasdaq Stockholm ,FIS
HEXPOL B,SE0007074281,Nasdaq Stockholm ,FIS
Magnolia Bostad,SE0007074505,Nasdaq Stockholm ,FIS
Wallenstam B,SE0007074844,Nasdaq Stockholm ,FIS
Eolus Vind B,SE0007075056,Nasdaq Stockholm ,FIS
Nilörngruppen B,SE0007100342,Nasdaq Stockholm ,FIS
Pandox B,SE0007100359,Nasdaq Stockholm ,FIS
ASSA ABLOY B,SE0007100581,Nasdaq Stockholm ,FIS
Sv. Handelsbanken A,SE0007100599,Nasdaq Stockholm ,FIS
Sv. Handelsbanken B,SE0007100607,Nasdaq Stockholm ,FIS
Coor Service Management Hold.,SE0007158829,Nasdaq Stockholm ,FIS
Alimak Group,SE0007158910,Nasdaq Stockholm ,FIS
Starbreeze A,SE0007158928,Nasdaq Stockholm ,FIS
Genova Property Group,SE0007184189,Nasdaq Stockholm ,FIS
Nobina,SE0007185418,Nasdaq Stockholm ,FIS
Wise Group,SE0007277876,Nasdaq Stockholm ,FIS
Serneke Group B,SE0007278841,Nasdaq Stockholm ,FIS
TF Bank,SE0007331608,Nasdaq Stockholm ,FIS
Sinch,SE0007439112,Nasdaq Stockholm ,FIS
Karo Pharma,SE0007464888,Nasdaq Stockholm ,FIS
Bravida Holding,SE0007491303,Nasdaq Stockholm ,FIS
Genova Property Group Pref,SE0007526132,Nasdaq Stockholm ,FIS
Vicore Pharma Holding,SE0007577895,Nasdaq Stockholm ,FIS
Scandic Hotels Group,SE0007640156,Nasdaq Stockholm ,FIS
Resurs Holding,SE0007665823,Nasdaq Stockholm ,FIS
Attendo,SE0007666110,Nasdaq Stockholm ,FIS
Dometic Group,SE0007691613,Nasdaq Stockholm ,FIS
Camurus,SE0007692850,Nasdaq Stockholm ,FIS
Xbrane Biopharma,SE0007789409,Nasdaq Stockholm ,FIS
Vitec Software Group B,SE0007871363,Nasdaq Stockholm ,FIS
Kindred Group,SE0007871645,Nasdaq Stockholm ,FIS
AcadeMedia,SE0007897079,Nasdaq Stockholm ,FIS
Garo,SE0008008262,Nasdaq Stockholm ,FIS
Infant Bacterial TherapeuticsB,SE0008015259,Nasdaq Stockholm ,FIS
Humana,SE0008040653,Nasdaq Stockholm ,FIS
Oscar Properties Holding PREFB,SE0008041248,Nasdaq Stockholm ,FIS
Bonava A,SE0008091573,Nasdaq Stockholm ,FIS
Bonava B,SE0008091581,Nasdaq Stockholm ,FIS
LeoVegas,SE0008091904,Nasdaq Stockholm ,FIS
Endomines,SE0008294334,Nasdaq Stockholm ,FIS
IRRAS,SE0008321202,Nasdaq Stockholm ,FIS
NIBE Industrier B,SE0008321293,Nasdaq Stockholm ,FIS
Öresund,SE0008321608,Nasdaq Stockholm ,FIS
BE Group,SE0008321921,Nasdaq Stockholm ,FIS
Brinova Fastigheter B,SE0008347652,Nasdaq Stockholm ,FIS
B3 Consulting Group,SE0008347660,Nasdaq Stockholm ,FIS
Trention,SE0008348767,Nasdaq Stockholm ,FIS
Fingerprint Cards B,SE0008374250,Nasdaq Stockholm ,FIS
ITAB Shop Concept B,SE0008375117,Nasdaq Stockholm ,FIS
Internationella Engelska Skola,SE0008585525,Nasdaq Stockholm ,FIS
Volati,SE0009143662,Nasdaq Stockholm ,FIS
Volati Pref,SE0009143670,Nasdaq Stockholm ,FIS
MedCap,SE0009160872,Nasdaq Stockholm ,FIS
Sagax D,SE0009161052,Nasdaq Stockholm ,FIS
Mips,SE0009216278,Nasdaq Stockholm ,FIS
Edgeware,SE0009268360,Nasdaq Stockholm ,FIS
Actic Group,SE0009269467,Nasdaq Stockholm ,FIS
Oncopeptides,SE0009414576,Nasdaq Stockholm ,FIS
Samhällsbyggnadsbo. i Norden B,SE0009554454,Nasdaq Stockholm ,FIS
SSM Holding,SE0009663511,Nasdaq Stockholm ,FIS
Ambea,SE0009663826,Nasdaq Stockholm ,FIS
Instalco,SE0009664253,Nasdaq Stockholm ,FIS
Enea,SE0009697220,Nasdaq Stockholm ,FIS
Medicover B,SE0009778848,Nasdaq Stockholm ,FIS
Munters Group,SE0009806607,Nasdaq Stockholm ,FIS
BONESUPPORT HOLDING,SE0009858152,Nasdaq Stockholm ,FIS
Boozt,SE0009888738,Nasdaq Stockholm ,FIS
Bilia A,SE0009921588,Nasdaq Stockholm ,FIS
Essity A,SE0009922156,Nasdaq Stockholm ,FIS
Essity B,SE0009922164,Nasdaq Stockholm ,FIS
Momentum Group B,SE0009922305,Nasdaq Stockholm ,FIS
NGS Group,SE0009947708,Nasdaq Stockholm ,FIS
Xspray Pharma,SE0009973563,Nasdaq Stockholm ,FIS
HMS Networks,SE0009997018,Nasdaq Stockholm ,FIS
Fagerhult,SE0010048884,Nasdaq Stockholm ,FIS
Latour B,SE0010100958,Nasdaq Stockholm ,FIS
Handicare Group,SE0010298109,Nasdaq Stockholm ,FIS
BioArctic B,SE0010323311,Nasdaq Stockholm ,FIS
Balco Group,SE0010323998,Nasdaq Stockholm ,FIS
Arion Banki SDB,SE0010413567,Nasdaq Stockholm ,FIS
Anoto Group,SE0010415281,Nasdaq Stockholm ,FIS
Railcare Group,SE0010441139,Nasdaq Stockholm ,FIS
Calliditas Therapeutics,SE0010441584,Nasdaq Stockholm ,FIS
Arjo B,SE0010468116,Nasdaq Stockholm ,FIS
K2A Knaust & Andersson B,SE0010520254,Nasdaq Stockholm ,FIS
Ascelia Pharma,SE0010573113,Nasdaq Stockholm ,FIS
Svolder A,SE0010663302,Nasdaq Stockholm ,FIS
Svolder B,SE0010663310,Nasdaq Stockholm ,FIS
Corem Property Group A,SE0010714279,Nasdaq Stockholm ,FIS
Corem Property Group B,SE0010714287,Nasdaq Stockholm ,FIS
Corem Property Group Pref,SE0010714311,Nasdaq Stockholm ,FIS
Empir Group B,SE0010769182,Nasdaq Stockholm ,FIS
NP3 Fastigheter Pref,SE0010820514,Nasdaq Stockholm ,FIS
Viking Supply Ships B,SE0010820613,Nasdaq Stockholm ,FIS
BHG Group,SE0010948588,Nasdaq Stockholm ,FIS
Green Landscaping Group,SE0010985028,Nasdaq Stockholm ,FIS
Holmen A,SE0011090000,Nasdaq Stockholm ,FIS
Holmen B,SE0011090018,Nasdaq Stockholm ,FIS
Beijer Alma B,SE0011090547,Nasdaq Stockholm ,FIS
Veoneer SDB,SE0011115963,Nasdaq Stockholm ,FIS
Beijer Ref B,SE0011116508,Nasdaq Stockholm ,FIS
Atlas Copco A,SE0011166610,Nasdaq Stockholm ,FIS
Atlas Copco B,SE0011166628,Nasdaq Stockholm ,FIS
Epiroc A,SE0011166933,Nasdaq Stockholm ,FIS
Epiroc B,SE0011166941,Nasdaq Stockholm ,FIS
Fabege,SE0011166974,Nasdaq Stockholm ,FIS
NCAB Group,SE0011167956,Nasdaq Stockholm ,FIS
Nederman Holding,SE0011204510,Nasdaq Stockholm ,FIS
Wihlborgs Fastigheter,SE0011205194,Nasdaq Stockholm ,FIS
Vitrolife,SE0011205202,Nasdaq Stockholm ,FIS
Boule Diagnostics,SE0011231158,Nasdaq Stockholm ,FIS
Eniro,SE0011256312,Nasdaq Stockholm ,FIS
Fastpartner Pref,SE0011309236,Nasdaq Stockholm ,FIS
Projektengagemang Sweden B,SE0011337666,Nasdaq Stockholm ,FIS
AAK,SE0011337708,Nasdaq Stockholm ,FIS
Nyfosa,SE0011426428,Nasdaq Stockholm ,FIS
Q-Linea,SE0011527845,Nasdaq Stockholm ,FIS
Samhällsbyggnadsbo. i Norden D,SE0011844091,Nasdaq Stockholm ,FIS
Lime Technologies,SE0011870195,Nasdaq Stockholm ,FIS
Strax,SE0012040459,Nasdaq Stockholm ,FIS
Nordic Entertainment Group B,SE0012116390,Nasdaq Stockholm ,FIS
SkiStar B,SE0012141687,Nasdaq Stockholm ,FIS
Stockwik Förvaltning,SE0012257970,Nasdaq Stockholm ,FIS
Karnov Group,SE0012323715,Nasdaq Stockholm ,FIS
Nordic Entertainment Group A,SE0012324226,Nasdaq Stockholm ,FIS
Avanza Bank Holding,SE0012454072,Nasdaq Stockholm ,FIS
Björn Borg,SE0012455350,Nasdaq Stockholm ,FIS
Boliden,SE0012455673,Nasdaq Stockholm ,FIS
John Mattson Fastighetsföret.,SE0012481364,Nasdaq Stockholm ,FIS
Evolution Gaming Group,SE0012673267,Nasdaq Stockholm ,FIS
XANO Industri B,SE0012674232,Nasdaq Stockholm ,FIS
IRLAB Therapeutics A,SE0012675361,Nasdaq Stockholm ,FIS
HEBA B,SE0012676336,Nasdaq Stockholm ,FIS
Troax Group,SE0012729366,Nasdaq Stockholm ,FIS
EQT,SE0012853455,Nasdaq Stockholm ,FIS
Moberg Pharma,SE0013121340,Nasdaq Stockholm ,FIS
K-Fast Holding B,SE0013382355,Nasdaq Stockholm ,FIS
Fastpartner A,SE0013512506,Nasdaq Stockholm ,FIS
Fastpartner D,SE0013512514,Nasdaq Stockholm ,FIS
CELLINK B,SE0013647385,Nasdaq Stockholm ,FIS
Qliro,SE0013719077,Nasdaq Stockholm ,FIS
Electrolux Professional B,SE0013747870,Nasdaq Stockholm ,FIS
Betsson B,SE0014186532,Nasdaq Stockholm ,FIS
NetEnt B,SE0014186656,Nasdaq Stockholm ,FIS
Tethys Oil,SE0014399424,Nasdaq Stockholm ,FIS
AddLife B,SE0014401378,Nasdaq Stockholm ,FIS
VNV Global,SE0014428835,Nasdaq Stockholm ,FIS
Wästbygg Gruppen B,SE0014453874,Nasdaq Stockholm ,FIS
Loomis,SE0014504817,Nasdaq Stockholm ,FIS
SECTRA B,SE0014609061,Nasdaq Stockholm ,FIS
Kinnevik A,SE0014684510,Nasdaq Stockholm ,FIS
Kinnevik B,SE0014684528,Nasdaq Stockholm ,FIS
Nordic Waterproofing Holding,SE0014731089,Nasdaq Stockholm ,FIS
Addtech B,SE0014781795,Nasdaq Stockholm ,FIS
Nordic Paper Holding,SE0014808838,Nasdaq Stockholm ,FIS
Readly International,SE0014855292,Nasdaq Stockholm ,FIS
Eniro Pref A,SE0014957320,Nasdaq Stockholm ,FIS
SWECO A,SE0014960365,Nasdaq Stockholm ,FIS
SWECO B,SE0014960373,Nasdaq Stockholm ,FIS
Lagercrantz Group B,SE0014990966,Nasdaq Stockholm ,FIS
Nordnet,SE0015192067,Nasdaq Stockholm ,FIS
Gaming Innovation Group,US36467X2062,Nasdaq Stockholm ,FIS
1PM PLC,GB00BCDBXK43,LSE,FCA 
1SPATIAL PLC,GB00BFZ45C84,LSE,FCA 
3I GROUP PLC,GB00B1YW4409,LSE,FCA 
3I INFRASTRUCTURE PLC,JE00BF5FX167,LSE,FCA 
4D PHARMA PLC,GB00BJL5BR07,LSE,FCA 
ABERFORTH SPLIT LEVEL INCOME TRUST PLC,GB00BYPBD519,LSE,FCA 
ACCESS INTELLIGENCE PLC,GB00BGQVB052,LSE,FCA 
ACCESSO TECHNOLOGY GROUP PLC,GB0001771426,LSE,FCA 
ACCROL GROUP HOLDINGS PLC,GB00BZ6VT592,LSE,FCA 
ACCSYS TECHNOLOGIES PLC,GB00BQQFX454,LSE,FCA 
ACORN INCOME FUND LD,GB0004829437,LSE,FCA 
ACORN INCOME FUND LD,GG00BYMJ7X48,LSE,FCA 
ACTIVE ENERGY GROUP PLC,GB00B1YMN108,LSE,FCA 
ACTUAL EXPERIENCE PLC,GB00BJ05QC14,LSE,FCA 
ADAMAS FINANCE ASIA LIMITED,VGG008271246,LSE,FCA 
ADAMS PLC,IM00B986V543,LSE,FCA 
ADEPT TECHNOLOGY GROUP PLC,GB00B0WY3Y47,LSE,FCA 
ADES INTERNATIONAL HOLDING PLC,AEDFXA1EN018,LSE,FCA 
ADM ENERGY PLC,GB00BJFDXW97,LSE,FCA 
ADMIRAL GROUP PLC,GB00B02J6398,LSE,FCA 
ADRIATIC METALS PLC,GB00BL0L5G04,LSE,FCA 
ADVANCED MEDICAL SOLUTIONS GROUP PLC,GB0004536594,LSE,FCA 
AMIGO HOLDINGS PLC,GB00BFFK8T45,LSE,FCA 
AMINEX PLC,IE0003073255,LSE,FCA 
AMINO TECHNOLOGIES PLC,GB00B013SN63,LSE,FCA 
AMRYT PHARMA PLC,GB00BKLTQ412,LSE,FCA 
AMUR MINERALS CORPORATION,VGG042401007,LSE,FCA 
ANDREWS SYKES GROUP PLC,GB0002684552,LSE,FCA 
ANEMOI INTERNATIONAL LTD,VGG0419A1057,LSE,FCA 
ANEXO GROUP PLC,GB00BF2G3L29,LSE,FCA 
ANGLE PLC,GB0034330679,LSE,FCA 
ANGLESEY MINING PLC,GB0000320472,LSE,FCA 
ANGLING DIRECT PLC,GB00BF1XGQ00,LSE,FCA 
ANGLO AFRICAN AGRICULTURE PLC,GB00BKBS0353,LSE,FCA 
ANGLO AFRICAN OIL & GAS PLC,GB00BD0Q3L08,LSE,FCA 
ANGLO AMERICAN PLC,GB00B1XZS820,LSE,FCA 
ANGLO ASIAN MINING PLC,GB00B0C18177,LSE,FCA 
ANGLO-EASTERN PLANTATIONS PLC,GB0000365774,LSE,FCA 
ANGLO PACIFIC GROUP PLC,GB0006449366,LSE,FCA 
ANGUS ENERGY PLC,GB00BYWKC989,LSE,FCA 
ANIMALCARE GROUP PLC,GB0032350695,LSE,FCA 
ANPARIO PLC,GB00B3NWT178,LSE,FCA 
ANTOFAGASTA PLC,GB0000455849,LSE,FCA 
ANTOFAGASTA PLC,GB0000456144,LSE,FCA 
AO WORLD PLC,GB00BJTNFH41,LSE,FCA 
APAX GLOBAL ALPHA LIMITED,GG00BWWYMV85,LSE,FCA 
APPLEGREEN PLC,IE00BXC8D038,LSE,FCA 
APPLIED GRAPHENE MATERIALS PLC,GB00BFSSB742,LSE,FCA 
APPRECIATE GROUP PLC,GB0006710643,LSE,FCA 
APQ GLOBAL LIMITED,GG00BZ6VP173,LSE,FCA 
APTITUDE SOFTWARE GROUP PLC,GB00BJV2F804,LSE,FCA 
AQUILA EUROPEAN RENEWABLES INCOME FUND PLC,GB00BK6RLF66,LSE,FCA 
AQUILA EUROPEAN RENEWABLES INCOME FUND PLC,GB00BK6RLF66,LSE,FCA 
AQUILA SERVICES GROUP PLC,GB00BPYP3Q26,LSE,FCA 
AQUIS EXCHANGE PLC,GB00BD5JNK30,LSE,FCA 
ARBUTHNOT BANKING GROUP PLC,GB0007922338,LSE,FCA 
ARC MINERALS LIMITED,VGG045791016,LSE,FCA 
ARCONTECH GROUP PLC,GB00BDBBJZ03,LSE,FCA 
ARDEN PARTNERS PLC,GB00B15CTY44,LSE,FCA 
ARENA EVENTS GROUP PLC,GB00BF0HYJ24,LSE,FCA 
ARGENTEX GROUP PLC,GB00BJLPH056,LSE,FCA 
ARGO BLOCKCHAIN PLC,GB00BZ15CS02,LSE,FCA 
ARGO GROUP LIMITED,IM00B2RDSS92,LSE,FCA 
ARGOS RESOURCES LIMITED,FK0114538241,LSE,FCA 
ARIANA RESOURCES PLC,GB00B085SD50,LSE,FCA 
ARIX BIOSCIENCE PLC,GB00BD045071,LSE,FCA 
ARKLE RESOURCES PLC,IE00B2357X72,LSE,FCA 
ARMADALE CAPITAL PLC,GB00BYMSY631,LSE,FCA 
ARRICANO REAL ESTATE PLC,CY0102941610,LSE,FCA 
ARROW GLOBAL GROUP PLC,GB00BDGTXM47,LSE,FCA 
ARTEMIS ALPHA TRUST PLC,GB0004355946,LSE,FCA 
BASE RESOURCES LIMITED,AU000000BSE5,LSE,FCA 
BASKERVILLE CAPITAL PLC,GB00BDZRYX75,LSE,FCA 
BATM ADVANCED COMMUNICATIONS LD,IL0010849045,LSE,FCA 
BBGI GLOBAL INFRASTRUCTURE S.A. ,LU0686550053,LSE,FCA 
BB HEALTHCARE TRUST PLC,GB00BZCNLL95,LSE,FCA 
BBVA CAPITAL FUNDING LD,KYG089961117,LSE,FCA 
BEAZLEY PLC,GB00BYQ0JC66,LSE,FCA 
BEEKS FINANCIAL CLOUD GROUP PLC,GB00BZ0X8W18,LSE,FCA 
BEGBIES TRAYNOR GROUP PLC,GB00B0305S97,LSE,FCA 
BELLWAY PLC,GB0000904986,LSE,FCA 
BELVOIR GROUP PLC,GB00B4QY1P51,LSE,FCA 
BENCHMARK HOLDINGS PLC,GB00BGHPT808,LSE,FCA 
BEOWULF MINING PLC,GB0033163287,LSE,FCA 
BERKELEY ENERGIA LIMITED,AU000000BKY0,LSE,FCA 
BERKELEY GROUP HOLDINGS (THE) PLC,GB00B02L3W35,LSE,FCA 
BERMELE PLC,GB00BJ1F3295,LSE,FCA 
BEST OF THE BEST PLC,GB00B16S3505,LSE,FCA 
BEZANT RESOURCES PLC,GB00B1CKQD97,LSE,FCA 
BH GLOBAL LIMITED,GG00B2QQPT96,LSE,FCA 
BH GLOBAL LIMITED,GG00B2QQPS89,LSE,FCA 
BH MACRO LIMITED,GG00B1NP5142,LSE,FCA 
BH MACRO LIMITED,GG00B1NPGV15,LSE,FCA 
BHP GROUP PLC,GB00BH0P3Z91,LSE,FCA 
BIDSTACK GROUP PLC,GB00BZ7M6059,LSE,FCA 
BIFFA PLC,GB00BD8DR117,LSE,FCA 
BIGBLU BROADBAND PLC,GB00BD5JMP10,LSE,FCA 
BIGDISH PLC,JE00BG12QT70,LSE,FCA 
BIG YELLOW GROUP PLC,GB0002869419,LSE,FCA 
BILBY PLC,GB00BV9GHQ09,LSE,FCA 
BILLINGTON HOLDINGS PLC,GB0000332667,LSE,FCA 
BIOME TECHNOLOGIES PLC,GB00B9Z1M820,LSE,FCA 
BION PLC,JE00BYTQ7945,LSE,FCA 
BIOPHARMA CREDIT PLC,GB00BDGKMY29,LSE,FCA 
BIOTECH GROWTH TRUST (THE) PLC,GB0000385517,LSE,FCA 
BIOVENTIX PLC,GB00B4QVDF07,LSE,FCA 
BISICHI PLC,GB0001012045,LSE,FCA 
BLACKBIRD PLC,GB0004740477,LSE,FCA 
BLACKFINCH SPRING VCT PLC,GB00BKV46W45,LSE,FCA 
BLACKROCK ENERGY AND RESOURCES INCOME TRUST PLC,GB00B0N8MF98,LSE,FCA 
BLACKROCK FRONTIERS INVESTMENT TRUST PLC,GB00B3SXM832,LSE,FCA 
BLACKROCK GREATER EUROPE INVESTMENT TRUST PLC,GB00B01RDH75,LSE,FCA 
BLACKROCK INCOME AND GROWTH INVESTMENT TRUST PLC,GB0030961691,LSE,FCA 
BLACKROCK LATIN AMERICAN INVESTMENT TRUST PLC,GB0005058408,LSE,FCA 
BLACKROCK NORTH AMERICAN INCOME TRUST PLC,GB00B7W0XJ61,LSE,FCA 
BLACKROCK SMALLER CO TRUST PLC,GB0006436108,LSE,FCA 
BLACKROCK THROGMORTON TRUST PLC,GB0008910555,LSE,FCA 
BLACKROCK WORLD MINING TRUST PLC,GB0005774855,LSE,FCA 
BLACKSTONE / GSO LOAN FINANCING LIMITED,JE00BNCB5T53,LSE,FCA 
BLACKSTONE / GSO LOAN FINANCING LIMITED,JE00BNCB5T53,LSE,FCA 
BLANCCO TECHNOLOGY GROUP PLC,GB00B06GNN57,LSE,FCA 
BLENCOWE RESOURCES PLC,GB00BFCMVS34,LSE,FCA 
BLOCK ENERGY PLC,GB00BF3TBT48,LSE,FCA 
BLOOMSBURY PUBLISHING PLC,GB0033147751,LSE,FCA 
BLUEBIRD MERCHANT VENTURES LTD,VGG118701058,LSE,FCA 
BLUEFIELD SOLAR INCOME FUND LIMITED,GG00BB0RDB98,LSE,FCA 
BLUEJAY MINING PLC,GB00BFD3VF20,LSE,FCA 
BLUE PLANET INVESTMENT TRUST PLC,GB0005327076,LSE,FCA 
BRIGHTON PIER GROUP PLC (THE),GB00BG49KW66,LSE,FCA 
BRISTOL WATER PLC,GB0001257988,LSE,FCA 
BRISTOL & WEST PLC,GB0000510205,LSE,FCA 
BRITISH & AMERICAN INVESTMENT TRUST PLC,GB0000653112,LSE,FCA 
BRITISH AMERICAN TOBACCO PLC,GB0002875804,LSE,FCA 
BRITISH LAND COMPANY PLC,GB0001367019,LSE,FCA 
BRITISH SMALLER COMPANIES VCT2 PLC,GB0005001796,LSE,FCA 
BRITISH SMALLER COMPANIES VCT PLC,GB0001403152,LSE,FCA 
BRITVIC PLC,GB00B0N8QD54,LSE,FCA 
BROOKS MACDONALD GROUP PLC,GB00B067N833,LSE,FCA 
BROWN (N) GROUP PLC,GB00B1P6ZR11,LSE,FCA 
BRUNNER INVESTMENT TRUST PLC,GB0001490449,LSE,FCA 
BRUNNER INVESTMENT TRUST PLC,GB0001490001,LSE,FCA 
B.S.D CROWN LTD,IL0010830219,LSE,FCA 
BSF ENTERPRISE PLC,GB00BHNBDQ51,LSE,FCA 
BT GROUP PLC,GB0030913577,LSE,FCA 
BUNZL PLC,GB00B0744B38,LSE,FCA 
BURBERRY GROUP PLC,GB0031743007,LSE,FCA 
BURFORD CAPITAL LIMITED,GG00BMGYLN96,LSE,FCA 
BUSHVELD MINERALS LIMITED,GG00B4TM3943,LSE,FCA 
BYOTROL PLC,GB00B0999995,LSE,FCA 
C4X DISCOVERY HOLDINGS PLC,GB00BQQ2RV18,LSE,FCA 
CADENCE MINERALS PLC,GB00BJP0B151,LSE,FCA 
CADOGAN PETROLEUM PLC,GB00B12WC938,LSE,FCA 
CAFFYNS PLC,GB0001615433,LSE,FCA 
CAFFYNS PLC,GB0001615540,LSE,FCA 
CAFFYNS PLC,GB0001615219,LSE,FCA 
CAIRN ENERGY PLC,GB00B74CDH82,LSE,FCA 
CAIRN HOMES PLC,IE00BWY4ZF18,LSE,FCA 
CAKE BOX HOLDINGS PLC,GB00BDZWB751,LSE,FCA 
CALCULUS VCT PLC,GB00BYQPF348,LSE,FCA 
CALEDONIA INVESTMENTS PLC,GB0001639920,LSE,FCA 
CALEDONIA MINING CORPORATION PLC,JE00BF0XVB15,LSE,FCA 
CALEDONIAN TRUST PLC,GB0001628584,LSE,FCA 
CALISEN PLC,GB00BKX9C181,LSE,FCA 
CALNEX SOLUTIONS PLC,GB00BMBK7016,LSE,FCA 
CAMBIUM GLOBAL TIMBERLAND LIMITED,JE00B1NNWQ21,LSE,FCA 
CAMBRIA AFRICA PLC,IM00B28CVH58,LSE,FCA 
CAMBRIA AUTOMOBILES PLC,GB00B4R32X65,LSE,FCA 
CAMBRIDGE COGNITION HOLDINGS PLC,GB00B8DV9647,LSE,FCA 
CAMELLIA PLC,GB0001667087,LSE,FCA 
"CANADIAN GENERAL INVESTMENTS, LD",CA1358251074,LSE,FCA 
CANADIAN OVERSEAS PETROLEUM LIMITED,CA13643D1078,LSE,FCA 
CAPITAL & COUNTIES PROPERTIES PLC,GB00B62G9D36,LSE,FCA 
CAPITAL GEARING TRUST PLC,GB0001738615,LSE,FCA 
CAPITAL LIMITED,BMG022411000,LSE,FCA 
CAPITAL & REGIONAL PLC,GB00BL6XZ716,LSE,FCA 
CAPITA PLC,GB00B23K0M20,LSE,FCA 
CAP-XX LIMITED,AU0000XINAS1,LSE,FCA 
CARCLO PLC,GB0001751915,LSE,FCA 
CARD FACTORY PLC,GB00BLY2F708,LSE,FCA 
CARDIFF PROPERTY PLC,GB0001754257,LSE,FCA 
CARETECH HOLDINGS PLC,GB00B0KWHQ09,LSE,FCA 
COATS GROUP PLC,GB00B4YZN328,LSE,FCA 
COBRA RESOURCES PLC,GB00BGJW5255,LSE,FCA 
COCA-COLA EUROPEAN PARTNERS PLC,GB00BDCPN049,LSE,FCA 
COCA-COLA HBC AG,CH0198251305,LSE,FCA 
CODEMASTERS GROUP HOLDINGS PLC,GB00BFWZ2G72,LSE,FCA 
COHORT PLC,GB00B0YD2B94,LSE,FCA 
COLEFAX GROUP PLC,GB0002090453,LSE,FCA 
COMPAGNIE DE SAINT-GOBAIN,FR0000125007,LSE,FCA 
COMPASS GROUP PLC,GB00BD6K4575,LSE,FCA 
COMPTOIR GROUP PLC,GB00BYT1L205,LSE,FCA 
COMPUTACENTER PLC,GB00BV9FP302,LSE,FCA 
CONCEPTA PLC,GB00BYZ2R301,LSE,FCA 
CONCURRENT TECHNOLOGIES PLC,GB0002183191,LSE,FCA 
CONDOR GOLD PLC,GB00B8225591,LSE,FCA 
CONDUITY CAPITAL PLC,GB00BMX66220,LSE,FCA 
CONROY GOLD & NATURAL RESOURCES PLC,IE00BZ4BTZ13,LSE,FCA 
CONTANGO HOLDINGS PLC,GB00BF0F5X78,LSE,FCA 
CONTOURGLOBAL PLC,GB00BF448H58,LSE,FCA 
CONVATEC GROUP PLC,GB00BD3VFW73,LSE,FCA 
CONYGAR INVESTMENT COMPANY PLC (THE),GB0033698720,LSE,FCA 
CORA GOLD LIMITED,VGG2423W1077,LSE,FCA 
CORAL PRODUCTS PLC,GB0002235736,LSE,FCA 
CORCEL PLC,GB00BKM69866,LSE,FCA 
CORERO NETWORK SECURITY PLC,GB00B54X0432,LSE,FCA 
CORO ENERGY PLC,GB00BDCFP425,LSE,FCA 
COSTAIN GROUP PLC,GB00B64NSP76,LSE,FCA 
COUNTRYSIDE PROPERTIES PLC,GB00BYPHNG03,LSE,FCA 
COUNTRYWIDE PLC,GB00BK5V9445,LSE,FCA 
CPL RESOURCES PLC,IE0007214426,LSE,FCA 
CPPGROUP PLC,GB00BMDX5Z93,LSE,FCA 
CQS NATURAL RESOURCES GROWTH AND INCOME PLC,GB0000353929,LSE,FCA 
CQS NEW CITY HIGH YIELD FUND LIMITED,JE00B1LZS514,LSE,FCA 
CRANEWARE PLC,GB00B2425G68,LSE,FCA 
CRANSWICK PLC,GB0002318888,LSE,FCA 
CRAVEN HOUSE CAPITAL PLC,GB00BD4FQ360,LSE,FCA 
CREIGHTONS PLC,GB0002341666,LSE,FCA 
CREO MEDICAL GROUP PLC,GB00BZ1BLL44,LSE,FCA 
CREST NICHOLSON HOLDINGS PLC,GB00B8VZXT93,LSE,FCA 
CRH PLC,IE0001827603,LSE,FCA 
CRH PLC,IE0001827041,LSE,FCA 
CRIMSON TIDE PLC,GB0002080082,LSE,FCA 
CRITICAL METALS PLC,GB00BJVR6M63,LSE,FCA 
CRODA INTERNATIONAL PLC,GB0002342854,LSE,FCA 
CRODA INTERNATIONAL PLC,GB0002343159,LSE,FCA 
CRODA INTERNATIONAL PLC,GB00BJFFLV09,LSE,FCA 
CROMA SECURITY SOLUTIONS GROUP PLC,GB00B5MJV178,LSE,FCA 
CROPPER (JAMES) PLC,GB0002346053,LSE,FCA 
CROSSWORD CYBERSECURITY PLC,GB00BPFJXS57,LSE,FCA 
CROWN PLACE VCT PLC,GB0002577434,LSE,FCA 
CRYSTAL AMBER FUND LIMITED,GG00B1Z2SL48,LSE,FCA 
CURTIS BANKS GROUP PLC,GB00BW0D4R71,LSE,FCA 
CURZON ENERGY PLC,GB00BD97ND60,LSE,FCA 
CUSTODIAN REIT PLC,GB00BJFLFT45,LSE,FCA 
CVC CREDIT PARTNERS EUROPEAN OPPORTUNITIES LIMITED,JE00B9G79F59,LSE,FCA 
CVC CREDIT PARTNERS EUROPEAN OPPORTUNITIES LIMITED,JE00B9MRHZ51,LSE,FCA 
CVS GROUP PLC,GB00B2863827,LSE,FCA 
CYANCONNODE HOLDINGS PLC,GB00BF93WP34,LSE,FCA 
D4T4 SOLUTIONS PLC,GB0001351955,LSE,FCA 
DAILY MAIL & GENERAL TRUST PLC,GB00BJQZC279,LSE,FCA 
DAIRY FARM INTERNATIONAL HOLDINGS LD,BMG2624N1535,LSE,FCA 
DAIRY FARM INTERNATIONAL HOLDINGS LD,BMG2624N1535,LSE,FCA 
DAIRY FARM INTERNATIONAL HOLDINGS LD,BMG2624N1535,LSE,FCA 
DALATA HOTEL GROUP PLC,IE00BJMZDW83,LSE,FCA 
DANAKALI LIMITED,AU000000DNK9,LSE,FCA 
DATANG INTERNATIONAL POWER GENERATION COMPANY LD,CNE1000002Z3,LSE,FCA 
DAVICTUS PLC,JE00BYY5RQ34,LSE,FCA 
DCC PLC,IE0002424939,LSE,FCA 
DCD MEDIA PLC,GB00BBD7QB75,LSE,FCA 
DECHRA PHARMACEUTICALS PLC,GB0009633180,LSE,FCA 
DEEPMATTER GROUP PLC,GB00B29YYY86,LSE,FCA 
DEEPVERGE PLC,GB00BMGWZY29,LSE,FCA 
DEKEL AGRI-VISION PLC,CY0106502111,LSE,FCA 
DE LA RUE PLC,GB00B3DGH821,LSE,FCA 
DELTEX MEDICAL GROUP PLC,GB0059337583,LSE,FCA 
DELTIC ENERGY PLC,GB00B6SYKF01,LSE,FCA 
DERWENT LONDON PLC,GB0002652740,LSE,FCA 
DESTINY PHARMA PLC,GB00BDHSP575,LSE,FCA 
DEV CLEVER HOLDINGS PLC,GB00BH452L44,LSE,FCA 
DEVRO PLC,GB0002670437,LSE,FCA 
DEWHURST PLC,GB0002675261,LSE,FCA 
DEWHURST PLC,GB0002675048,LSE,FCA 
DFS FURNITURE PLC,GB00BTC0LB89,LSE,FCA 
DIACEUTICS PLC,GB00BJQTGV64,LSE,FCA 
DIAGEO PLC,GB0002374006,LSE,FCA 
DIALIGHT PLC,GB0033057794,LSE,FCA 
DIGITALBOX PLC,GB00BJK9H642,LSE,FCA 
DIGNITY PLC,GB00BRB37M78,LSE,FCA 
DILLISTONE GROUP PLC,GB00B13QQB40,LSE,FCA 
DIPLOMA PLC,GB0001826634,LSE,FCA 
DIRECTA PLUS PLC,GB00BSM98843,LSE,FCA 
DIRECT LINE INSURANCE GROUP PLC,GB00BY9D0Y18,LSE,FCA 
DISCOVERIE GROUP PLC,GB0000055888,LSE,FCA 
DISTIL PLC,GB0030164023,LSE,FCA 
DISTRIBUTION FINANCE CAPITAL HOLDINGS PLC,GB00BJ7HMR72,LSE,FCA 
DIURNAL GROUP PLC,GB00BDB6Q760,LSE,FCA 
DIVERSE INCOME TRUST (THE) PLC,GB00B65TLW28,LSE,FCA 
DIVERSIFIED GAS & OIL PLC,GB00BYX7JT74,LSE,FCA 
DIXONS CARPHONE PLC,GB00B4Y7R145,LSE,FCA 
DODS GROUP PLC,GB0031129579,LSE,FCA 
DOLPHIN CAPITAL INVESTORS LIMITED,VGG2803G1028,LSE,FCA 
DOMINO'S PIZZA GROUP PLC,GB00BYN59130,LSE,FCA 
DORIC NIMROD AIR ONE LIMITED,GG00B4MF3899,LSE,FCA 
DORIC NIMROD AIR THREE LIMITED,GG00B92LHN58,LSE,FCA 
DORIC NIMROD AIR TWO LIMITED,GG00B3Z62522,LSE,FCA 
DOTDIGITAL GROUP PLC,GB00B3W40C23,LSE,FCA 
DOWNING FOUR VCT PLC,GB00BWX53D91,LSE,FCA 
DOWNING FOUR VCT PLC,GB00BDHF5B49,LSE,FCA 
DOWNING FOUR VCT PLC,GB00BDHF5D62,LSE,FCA 
DOWNING FOUR VCT PLC,GB00B6QPQ463,LSE,FCA 
DOWNING ONE VCT PLC,GB00BFRSVQ41,LSE,FCA 
DOWNING STRATEGIC MICRO-CAP INVESTMENT TRUST PLC,GB00BF0SCX52,LSE,FCA 
DOWNING THREE VCT PLC,GB00B6ZS1P26,LSE,FCA 
DOWNING THREE VCT PLC,GB00BH7Y7B35,LSE,FCA 
DOWNING THREE VCT PLC,GB00BSTK6426,LSE,FCA 
DOWNING TWO VCT PLC,GB00B6ZS0J90,LSE,FCA 
DOWNING TWO VCT PLC,GB00B8Y7CS47,LSE,FCA 
DOWNING TWO VCT PLC,GB00BZ6CSD33,LSE,FCA 
DP AIRCRAFT I LIMITED,GG00BBP6HP33,LSE,FCA 
DP EURASIA N.V.,NL0012328801,LSE,FCA 
DP POLAND PLC,GB00B3Q74M51,LSE,FCA 
DRAPER ESPRIT PLC,GB00BY7QYJ50,LSE,FCA 
DRAPER ESPRIT VCT PLC,GB0002867140,LSE,FCA 
DRAX GROUP PLC,GB00B1VNSX38,LSE,FCA 
DRIVER GROUP PLC,GB00B0L9C092,LSE,FCA 
DRUM INCOME PLUS REIT PLC,GB00BW4NWS02,LSE,FCA 
DRUMZ PLC,GB00B06CZD75,LSE,FCA 
DUKEMOUNT CAPITAL PLC,GB00B6WZDF03,LSE,FCA 
DUKE ROYALTY LIMITED,GG00BYZSSY63,LSE,FCA 
DUNEDIN ENTERPRISE INVESTMENT TRUST PLC,GB0005776561,LSE,FCA 
DUNEDIN INCOME GROWTH INVESTMENT TRUST PLC,GB0003406096,LSE,FCA 
DUNELM GROUP PLC,GB00B1CKQ739,LSE,FCA 
DWF GROUP PLC,GB00BJMD6M39,LSE,FCA 
DX (GROUP) PLC,GB00BJTCG679,LSE,FCA 
EAGLE EYE SOLUTIONS GROUP PLC,GB00BKF1YD83,LSE,FCA 
EASYJET PLC,GB00B7KR2P84,LSE,FCA 
EBIQUITY PLC,GB0004126057,LSE,FCA 
ECCLESIASTICAL INSURANCE OFFICE PLC,GB0003035382,LSE,FCA 
ECHO ENERGY PLC,GB00BF0YPG76,LSE,FCA 
ECKOH PLC,GB0033359141,LSE,FCA 
ECO ANIMAL HEALTH GROUP PLC,GB0032036807,LSE,FCA 
ECO (ATLANTIC) OIL & GAS LTD,CA27887W1005,LSE,FCA 
ECOFIN GLOBAL UTILITIES AND INFRASTRUCTURE TRUST PLC,GB00BD3V4641,LSE,FCA 
ECR MINERALS PLC,GB00BYYDKX57,LSE,FCA 
ECSC GROUP PLC,GB00BYMJ4J99,LSE,FCA 
EDDIE STOBART LOGISTICS PLC,GB00BD8QVC95,LSE,FCA 
EDEN RESEARCH PLC,GB0001646941,LSE,FCA 
EDENVILLE ENERGY PLC,GB00BD0S4T13,LSE,FCA 
EDGE PERFORMANCE VCT PLC,GB00B44VMB16,LSE,FCA 
EDGE PERFORMANCE VCT PLC,GB00B5B6VC05,LSE,FCA 
EDINBURGH INVESTMENT TRUST PLC,GB0003052338,LSE,FCA 
EDINBURGH WORLDWIDE INVESTMENT TRUST PLC,GB00BHSRZC82,LSE,FCA 
EDISTON PROPERTY INVESTMENT COMPANY PLC,GB00BNGMZB68,LSE,FCA 
EENERGY GROUP PLC,GB00BJP1KD31,LSE,FCA 
EGDON RESOURCES PLC,GB00B28YML29,LSE,FCA 
EJF INVESTMENTS LTD,JE00BK1WV903,LSE,FCA 
EJF INVESTMENTS LTD,JE00BF0D1M25,LSE,FCA 
EJF INVESTMENTS LTD,JE00BDG12N48,LSE,FCA 
EKF DIAGNOSTICS HOLDINGS PLC,GB0031509804,LSE,FCA 
ELECO PUBLIC LIMITED COMPANY,GB0003081246,LSE,FCA 
ELECTRA PRIVATE EQUITY PLC,GB0003085445,LSE,FCA 
ELECTROCOMPONENTS PLC,GB0003096442,LSE,FCA 
ELEMENTIS PLC,GB0002418548,LSE,FCA 
ELIXIRR INTERNATIONAL PLC,GB00BLPHTX84,LSE,FCA 
EMIS GROUP PLC,GB00B61D1Y04,LSE,FCA 
EMMERSON PLC,IM00BDHDTX83,LSE,FCA 
EMPIRE METALS LIMITED,VGG3036T1012,LSE,FCA 
EMPIRIC STUDENT PROPERTY PLC,GB00BLWDVR75,LSE,FCA 
EMPRESARIA GROUP PLC,GB00B0358N07,LSE,FCA 
EMPYREAN ENERGY PLC,GB00B09G2351,LSE,FCA 
ENDEAVOUR INTERNATIONAL CORPORATION,US29259G2003,LSE,FCA 
ENERGEAN PLC,GB00BG12Y042,LSE,FCA 
ENQUEST PLC,GB00B635TG28,LSE,FCA 
ENTEQ UPSTREAM PLC,GB00B41Q8Q68,LSE,FCA 
ENWELL ENERGY PLC,GB0031775819,LSE,FCA 
EPE SPECIAL OPPORTUNITIES LIMITED,BMG3163K1053,LSE,FCA 
EP GLOBAL OPPORTUNITIES TRUST PLC,GB0033862573,LSE,FCA 
EPWIN GROUP PLC,GB00BNGY4Y86,LSE,FCA 
EQTEC PLC,IE00BH3XCL94,LSE,FCA 
EQUALS GROUP PLC,GB00BLS0XX25,LSE,FCA 
EQUATORIAL PALM OIL PLC,GB00B2QBNL29,LSE,FCA 
EQUINITI GROUP PLC,GB00BYWWHR75,LSE,FCA 
ERGOMED PLC,GB00BN7ZCY67,LSE,FCA 
ESCAPE HUNT PLC,GB00BDB79J29,LSE,FCA 
ESSENSYS PLC,GB00BJL1ZF49,LSE,FCA 
ESSENTRA PLC,GB00B0744359,LSE,FCA 
E-THERAPEUTICS PLC,GB00B2823H99,LSE,FCA 
ETHERNITY NETWORKS LTD,IL0011410359,LSE,FCA 
EURASIA MINING PLC,GB0003230421,LSE,FCA 
EUROCELL PLC,GB00BVV2KN49,LSE,FCA 
EUROMONEY INSTITUTIONAL INVESTOR PLC,GB0006886666,LSE,FCA 
EUROPA METALS LTD,AU0000090060,LSE,FCA 
EUROPA OIL & GAS (HOLDINGS) PLC,GB00B03CJS30,LSE,FCA 
EUROPEAN ASSETS TRUST PLC,GB00BHJVQ590,LSE,FCA 
EUROPEAN METALS HOLDINGS LIMITED,VGG3191T1021,LSE,FCA 
EUROPEAN OPPORTUNITIES TRUST PLC,GB0000197722,LSE,FCA 
EVERARC HOLDINGS LIMITED,VGG3218K1003,LSE,FCA 
EVERARC HOLDINGS LIMITED,VGG3218K1185,LSE,FCA 
EVERYMAN MEDIA GROUP PLC,GB00BFH55S51,LSE,FCA 
EVE SLEEP PLC,GB00BYWMFT51,LSE,FCA 
EVGEN PHARMA PLC,GB00BSVYN304,LSE,FCA 
EVRAZ PLC,GB00B71N6K86,LSE,FCA 
EXILLON ENERGY PLC,IM00B58FMW76,LSE,FCA 
EXPERIAN PLC,GB00B19NLV48,LSE,FCA 
FAIR OAKS INCOME LIMITED,GG00BF00L342,LSE,FCA 
FALANX GROUP LIMITED,VGG3338A1075,LSE,FCA 
FALCON OIL & GAS LTD.,CA3060711015,LSE,FCA 
FANDANGO HOLDINGS PLC,GB00BF2P0G38,LSE,FCA 
FARON PHARMACEUTICALS OY,FI4000153309,LSE,FCA 
FASTFORWARD INNOVATIONS LIMITED,GG00BRK9BQ81,LSE,FCA 
FBD HOLDINGS PLC,IE0003290289,LSE,FCA 
F&C INVESTMENT TRUST PLC,GB0003466074,LSE,FCA 
FDM GROUP (HOLDINGS) PLC,GB00BLWDVP51,LSE,FCA 
FEEDBACK PLC,GB0003340550,LSE,FCA 
FERGUSON PLC,JE00BJVNSS43,LSE,FCA 
FERREXPO PLC,GB00B1XH2C03,LSE,FCA 
FERRO-ALLOY RESOURCES LIMITED,GG00BGDYDZ69,LSE,FCA 
FEVERTREE DRINKS PLC,GB00BRJ9BJ26,LSE,FCA 
FIDELITY ASIAN VALUES PLC,GB0003322319,LSE,FCA 
FIDELITY CHINA SPECIAL SITUATIONS PLC,GB00B62Z3C74,LSE,FCA 
FIDELITY EUROPEAN VALUES PLC,GB00BK1PKQ95,LSE,FCA 
FIDELITY JAPAN TRUST PLC,GB0003328555,LSE,FCA 
FIDELITY SPECIAL VALUES PLC,GB00BWXC7Y93,LSE,FCA 
FIH GROUP PLC,GB00BD0CWJ91,LSE,FCA 
FILTA GROUP HOLDINGS PLC,GB00BDB7J920,LSE,FCA 
FILTRONIC PLC,GB0003362992,LSE,FCA 
FINABLR PLC,GB00BJ7HMW26,LSE,FCA 
FINNCAP GROUP PLC,GB00BGKPX309,LSE,FCA 
FINSBURY FOOD GROUP PLC,GB0009186429,LSE,FCA 
FINSBURY GROWTH & INCOME TRUST PLC,GB0007816068,LSE,FCA 
FIREANGEL SAFETY TECHNOLOGY GROUP PLC,GB0030508757,LSE,FCA 
FIRST DERIVATIVES PLC,GB0031477770,LSE,FCA 
FIRSTGROUP PLC,GB0003452173,LSE,FCA 
FIRST PROPERTY GROUP PLC,GB0004109889,LSE,FCA 
FISHER (JAMES) & SONS PLC,GB0003395000,LSE,FCA 
FISHGUARD & ROSSLARE RAILWAYS & HARBOURS COMPANY,GB0003401261,LSE,FCA 
FISKE PLC,GB0003353157,LSE,FCA 
FLETCHER KING PLC,GB0003425310,LSE,FCA 
FLOWTECH FLUIDPOWER PLC,GB00BM4NR742,LSE,FCA 
FLUTTER ENTERTAINMENT PLC,IE00BWT6H894,LSE,FCA 
FOCUSRITE PLC,GB00BSBMW716,LSE,FCA 
FONIX MOBILE PLC,GB00BN789668,LSE,FCA 
FORESIGHT 4 VCT PLC,GB00B07YBS95,LSE,FCA 
FORESIGHT SOLAR FUND LIMITED,JE00BD3QJR55,LSE,FCA 
FORESIGHT SOLAR & TECHNOLOGY VCT PLC,GB00B640GZ49,LSE,FCA 
FORESIGHT SOLAR & TECHNOLOGY VCT PLC,GB00BKF2JH04,LSE,FCA 
FORESIGHT VCT PLC,GB00B68K3716,LSE,FCA 
FORTERRA PLC,GB00BYYW3C20,LSE,FCA 
FOX MARBLE HOLDINGS PLC,GB00B7LGG306,LSE,FCA 
FOXTONS GROUP PLC,GB00BCKFY513,LSE,FCA 
FRAGRANT PROSPERITY HOLDINGS LIMITED,VGG368811037,LSE,FCA 
FRANCHISE BRANDS PLC,GB00BD6P7Y24,LSE,FCA 
FRASERS GROUP PLC,GB00B1QH8P22,LSE,FCA 
FRENCH CONNECTION GROUP PLC,GB0033764746,LSE,FCA 
FRENKEL TOPPING GROUP PLC,GB00B01YXQ71,LSE,FCA 
FRESNILLO PLC,GB00B2QPKJ12,LSE,FCA 
FRONTIER DEVELOPMENTS PLC,GB00BBT32N39,LSE,FCA 
FRONTIER IP GROUP PLC,GB00B63PS212,LSE,FCA 
FRP ADVISORY GROUP PLC,GB00BL9BW044,LSE,FCA 
FULCRUM UTILITY SERVICES LD,KYG368851047,LSE,FCA 
"FULLER, SMITH & TURNER PLC",GB0003551420,LSE,FCA 
"FULLER, SMITH & TURNER PLC",GB0003551537,LSE,FCA 
"FULLER, SMITH & TURNER PLC",GB00B1YPC344,LSE,FCA 
FUNDING CIRCLE HOLDINGS PLC,GB00BG0TPX62,LSE,FCA 
FUNDSMITH EMERGING EQUITIES TRUST PLC,GB00BLSNND18,LSE,FCA 
FUSION ANTIBODIES PLC,GB00BDQZGK16,LSE,FCA 
FUTURA MEDICAL PLC,GB0033278473,LSE,FCA 
FUTURE PLC,GB00BYZN9041,LSE,FCA 
G3 EXPLORATION LIMITED,KYG409381053,LSE,FCA 
G4S PLC,GB00B01FLG62,LSE,FCA 
G4S PLC,GB00BMH4WW40,LSE,FCA 
GABELLI MERGER PLUS+ TRUST PLC,GB00BD8P0741,LSE,FCA 
GABELLI MERGER PLUS+ TRUST PLC,GB00BD8P0741,LSE,FCA 
GABELLI VALUE PLUS+ TRUST PLC,GB00BTLJYS47,LSE,FCA 
GALANTAS GOLD CORPORATION,CA36315W3012,LSE,FCA 
GALILEO RESOURCES PLC,GB00B115T142,LSE,FCA 
GALLIFORD TRY HOLDINGS PLC,GB00BKY40Q38,LSE,FCA 
GAMA AVIATION PLC,GB00B3ZP1526,LSE,FCA 
GAMES WORKSHOP GROUP PLC,GB0003718474,LSE,FCA 
GAMESYS GROUP PLC,GB00BZ14BX56,LSE,FCA 
GAMING REALMS PLC,GB00BBHXD542,LSE,FCA 
GAMMA COMMUNICATIONS PLC,GB00BQS10J50,LSE,FCA 
GATELEY (HOLDINGS) PLC,GB00BXB07J71,LSE,FCA 
GATTACA PLC,GB00B1FMDQ43,LSE,FCA 
GB GROUP PLC,GB0006870611,LSE,FCA 
GCM RESOURCES PLC,GB00B00KV284,LSE,FCA 
GCP ASSET BACKED INCOME FUND LIMITED,JE00BYXX8B08,LSE,FCA 
GCP INFRASTRUCTURE INVESTMENTS LIMITED,JE00B6173J15,LSE,FCA 
GCP STUDENT LIVING PLC,GB00B8460Z43,LSE,FCA 
GEAR4MUSIC (HOLDINGS) PLC,GB00BW9PJQ87,LSE,FCA 
GEIGER COUNTER LIMITED,GB00B15FW330,LSE,FCA 
GEIGER COUNTER LIMITED,JE00BF5TR491,LSE,FCA 
GEM DIAMONDS LIMITED,VGG379591065,LSE,FCA 
GEMFIELDS GROUP LIMITED,GG00BG0KTL52,LSE,FCA 
GENEDRIVE PLC,GB00B1VKB244,LSE,FCA 
GENEL ENERGY PLC,JE00B55Q3P39,LSE,FCA 
GENERAL ACCIDENT PLC,GB0003692737,LSE,FCA 
GENERAL ACCIDENT PLC,GB0003692513,LSE,FCA 
GENERAL ELECTRIC COMPANY,US3696041033,LSE,FCA 
GENUS PLC,GB0002074580,LSE,FCA 
GEORGIA CAPITAL PLC,GB00BF4HYV08,LSE,FCA 
GETBUSY PLC,GB00BG0TSD71,LSE,FCA 
GETECH GROUP PLC,GB00B0HZVP95,LSE,FCA 
GFINITY PLC,GB00BT9QD572,LSE,FCA 
GLANBIA PLC,IE0000669501,LSE,FCA 
GLAXOSMITHKLINE PLC,GB0009252882,LSE,FCA 
GLENCORE PLC,JE00B4T3BW64,LSE,FCA 
GLENVEAGH PROPERTIES PLC,IE00BD6JX574,LSE,FCA 
GLI FINANCE LIMITED,GB00B0CL3P62,LSE,FCA 
GLI FINANCE LIMITED,GG00BTDYD136,LSE,FCA 
GLOBALDATA PLC,GB00B87ZTG26,LSE,FCA 
GLOBAL INVACOM GROUP LIMITED,SG2E91982768,LSE,FCA 
GLOBAL PETROLEUM LIMITED,AU000000GBP6,LSE,FCA 
GLOBAL PORTS HOLDING PLC,GB00BD2ZT390,LSE,FCA 
GLOBAL RESOURCES INVESTMENT TRUST PLC,GB00BCKFVJ45,LSE,FCA 
GLOBALWORTH REAL ESTATE INVESTMENTS LIMITED,GG00B979FD04,LSE,FCA 
GO-AHEAD GROUP PLC,GB0003753778,LSE,FCA 
GOCO GROUP PLC,GB00BZ02Q916,LSE,FCA 
GOLDEN PROSPECT PRECIOUS METALS LIMITED,GG00B1G9T992,LSE,FCA 
GOLDEN PROSPECT PRECIOUS METALS LIMITED,GG00BD05Z551,LSE,FCA 
GOLDEN ROCK GLOBAL PLC,JE00BYZT0R68,LSE,FCA 
GOLDPLAT PLC,GB00B0HCWM45,LSE,FCA 
GOLDSTONE RESOURCES LIMITED,JE00BRJ8YF63,LSE,FCA 
GOOCH & HOUSEGO PLC,GB0002259116,LSE,FCA 
GOOD ENERGY GROUP PLC,GB0033600353,LSE,FCA 
GOODWIN PLC,GB0003781050,LSE,FCA 
GORE STREET ENERGY STORAGE FUND PLC,GB00BG0P0V73,LSE,FCA 
GRAFENIA PLC,GB0009638130,LSE,FCA 
GRAINGER PLC,GB00B04V1276,LSE,FCA 
GRAND FORTUNE HIGH GRADE LIMITED,KYG405621031,LSE,FCA 
GRAND VISION MEDIA HOLDINGS PLC,GB00BDHBGL97,LSE,FCA 
GRAN TIERRA ENERGY INC.,US38500T1016,LSE,FCA 
GRC INTERNATIONAL GROUP PLC,GB00BG06MV41,LSE,FCA 
GREATLAND GOLD PLC,GB00B15XDH89,LSE,FCA 
GREAT PORTLAND ESTATES PLC,GB00BF5H9P87,LSE,FCA 
GREAT WESTERN MINING CORPORATION PLC,IE00B1FR8863,LSE,FCA 
GREENCOAT RENEWABLES PLC,IE00BF2NR112,LSE,FCA 
GREENCOAT UK WIND PLC,GB00B8SC6K54,LSE,FCA 
GREENCORE GROUP PLC,IE0003864109,LSE,FCA 
GREGGS PLC,GB00B63QSB39,LSE,FCA 
GRESHAM HOUSE ENERGY STORAGE FUND PLC,GB00BFX3K770,LSE,FCA 
GRESHAM HOUSE PLC,GB0003887287,LSE,FCA 
GRESHAM HOUSE RENEWABLE ENERGY VCT 1 PLC,GB00B4L13999,LSE,FCA 
GRESHAM HOUSE RENEWABLE ENERGY VCT 1 PLC,GB00B4M2G812,LSE,FCA 
GRESHAM HOUSE RENEWABLE ENERGY VCT 2 PLC ,GB00B4KWC525,LSE,FCA 
GRESHAM HOUSE RENEWABLE ENERGY VCT 2 PLC ,GB00B43GVJ82,LSE,FCA 
GRESHAM HOUSE STRATEGIC PLC,GB00BYRH4982,LSE,FCA 
GRESHAM TECHNOLOGIES PLC,GB0008808825,LSE,FCA 
GRIFFIN MINING LIMITED,BMG319201049,LSE,FCA 
GRIT REAL ESTATE INCOME GROUP LIMITED,MU0473N00036,LSE,FCA 
GROUND RENTS INCOME FUND PLC,GB00B715WG26,LSE,FCA 
GSTECHNOLOGIES LTD,VGG4164C1005,LSE,FCA 
GUILD ESPORTS PLC,GB00BMWVF760,LSE,FCA 
GULF INVESTMENT FUND PLC,IM00B1Z40704,LSE,FCA 
GULF KEYSTONE PETROLEUM LTD,BMG4209G2077,LSE,FCA 
GULF MARINE SERVICES PLC,GB00BJVWTM27,LSE,FCA 
GUNSYND PLC,GB00BMD6PM55,LSE,FCA 
GUSBOURNE PLC,GB00B8TS4M09,LSE,FCA 
GVC HOLDINGS PLC,IM00B5VQMV65,LSE,FCA 
GYG PLC,GB00BZ4FM652,LSE,FCA 
HALFORDS GROUP PLC,GB00B012TP20,LSE,FCA 
HALMA PLC,GB0004052071,LSE,FCA 
HAMMERSON PLC,GB00BK7YQK64,LSE,FCA 
HANSA INVESTMENT COMPANY LIMITED,BMG428941162,LSE,FCA 
HANSA INVESTMENT COMPANY LIMITED,BMG428941089,LSE,FCA 
HANSARD GLOBAL PLC,IM00B1H1XF89,LSE,FCA 
HARBOURVEST GLOBAL PRIVATE EQUITY LIMITED,GG00BR30MJ80,LSE,FCA 
HARBOURVEST GLOBAL PRIVATE EQUITY LIMITED,GG00BR30MJ80,LSE,FCA 
HARDIDE PLC,GB00BJJPX768,LSE,FCA 
HARGREAVE HALE AIM VCT PLC,GB00B02WHS05,LSE,FCA 
HARGREAVES LANSDOWN PLC,GB00B1VZ0M25,LSE,FCA 
HARGREAVES SERVICES PLC,GB00B0MTC970,LSE,FCA 
HARVEST MINERALS LIMITED,AU000XINEAB4,LSE,FCA 
HARWORTH GROUP PLC,GB00BYZJ7G42,LSE,FCA 
HAWKWING PLC,GB00BLF0L315,LSE,FCA 
HAYDALE GRAPHENE INDUSTRIES PLC,GB00BKWQ1135,LSE,FCA 
HAYS PLC,GB0004161021,LSE,FCA 
HEADLAM GROUP PLC,GB0004170089,LSE,FCA 
HEATH (SAMUEL) & SONS PLC,GB0004178710,LSE,FCA 
HEAVITREE BREWERY PLC,GB0004182506,LSE,FCA 
HEAVITREE BREWERY PLC,GB0004182720,LSE,FCA 
HEAVITREE BREWERY PLC,GB0004182944,LSE,FCA 
HELICAL PLC,GB00B0FYMT95,LSE,FCA 
HELIOS TOWERS PLC,GB00BJVQC708,LSE,FCA 
HELIOS UNDERWRITING PLC,GB00B23XLS45,LSE,FCA 
HEMOGENYX PHARMACEUTICALS PLC,GB00BYX3WZ24,LSE,FCA 
HENDERSON ALTERNATIVE STRATEGIES TRUST PLC,GB0001216000,LSE,FCA 
HENDERSON DIVERSIFIED INCOME TRUST PLC,GB00BF03YC36,LSE,FCA 
HENDERSON EUROPEAN FOCUS TRUST PLC,GB0005268858,LSE,FCA 
HENDERSON EUROTRUST PLC,GB0004199294,LSE,FCA 
HENDERSON FAR EAST INCOME LIMITED,JE00B1GXH751,LSE,FCA 
HENDERSON HIGH INCOME TRUST PLC,GB0009580571,LSE,FCA 
HENDERSON INTERNATIONAL INCOME TRUST PLC,GB00B3PHCS86,LSE,FCA 
HENDERSON OPPORTUNITIES TRUST PLC,GB0008536574,LSE,FCA 
HENDERSON SMALLER COMPANIES INVESTMENT TRUST PLC,GB0009065284,LSE,FCA 
HENDERSON SMALLER COMPANIES INVESTMENT TRUST PLC,GB0009065060,LSE,FCA 
HERALD INVESTMENT TRUST PLC,GB0004228648,LSE,FCA 
HERMES PACIFIC INVESTMENTS PLC,GB00BD02KZ12,LSE,FCA 
HG CAPITAL TRUST PLC,GB00BJ0LT190,LSE,FCA 
HIBERNIA REIT P.L.C.,IE00BGHQ1986,LSE,FCA 
HICL INFRASTRUCTURE PLC,GB00BJLP1Y77,LSE,FCA 
HIDONG ESTATE PLC,GB0004251863,LSE,FCA 
HIGHBRIDGE TACTICAL CREDIT FUND LIMITED,GB00B13YVW48,LSE,FCA 
HIGHCROFT INVESTMENTS PLC,GB0004254875,LSE,FCA 
HIGHWAY CAPITAL PLC,GB0008579384,LSE,FCA 
HIKMA PHARMACEUTICALS PLC,GB00B0LCW083,LSE,FCA 
HILL & SMITH HOLDINGS PLC,GB0004270301,LSE,FCA 
HILTON FOOD GROUP PLC,GB00B1V9NW54,LSE,FCA 
HIPGNOSIS SONGS FUND LIMITED,GG00BLPHZK78,LSE,FCA 
HIPGNOSIS SONGS FUND LIMITED,GG00BFYT9H72,LSE,FCA 
HIPGNOSIS SONGS FUND LIMITED,GG00BFYT9H72,LSE,FCA 
HISCOX LTD,BMG4593F1389,LSE,FCA 
HOCHSCHILD MINING PLC,GB00B1FW5029,LSE,FCA 
HOLDERS TECHNOLOGY PLC,GB0004312350,LSE,FCA 
HOLLYWOOD BOWL GROUP PLC,GB00BD0NVK62,LSE,FCA 
HOME REIT PLC,GB00BJP5HK17,LSE,FCA 
HOMESERVE PLC,GB00BYYTFB60,LSE,FCA 
HONEYCOMB INVESTMENT TRUST PLC,GB00BYZV3G25,LSE,FCA 
HONEYWELL INTERNATIONAL INCORPORATED,US4385161066,LSE,FCA 
HONG KONG LAND HOLDINGS LD,BMG4587L1090,LSE,FCA 
HONG KONG LAND HOLDINGS LD,BMG4587L1090,LSE,FCA 
HONG KONG LAND HOLDINGS LD,BMG4587L1090,LSE,FCA 
HONYE FINANCIAL SERVICES LIMITED,KYG4598W1024,LSE,FCA 
HORIZON DISCOVERY GROUP PLC,GB00BK8FL363,LSE,FCA 
HORIZONTE MINERALS PLC,GB00B11DNM70,LSE,FCA 
HORNBY PLC,GB00B01CZ652,LSE,FCA 
HOSTELWORLD GROUP PLC,GB00BYYN4225,LSE,FCA 
HOTEL CHOCOLAT GROUP PLC,GB00BYZC3B04,LSE,FCA 
HOWDEN JOINERY GROUP PLC,GB0005576813,LSE,FCA 
HSBC HOLDINGS PLC,GB0005405286,LSE,FCA 
HSS HIRE GROUP PLC,GB00BVFD4645,LSE,FCA 
H&T GROUP PLC,GB00B12RQD06,LSE,FCA 
HUMMINGBIRD RESOURCES PLC,GB00B60BWY28,LSE,FCA 
HUNTERS PROPERTY PLC,GB00BYMW5L71,LSE,FCA 
HUNTING PLC,GB0004478896,LSE,FCA 
HURRICANE ENERGY PLC,GB00B580MF54,LSE,FCA 
HUTCHISON CHINA MEDITECH LIMITED,KYG4672N1198,LSE,FCA 
HWANGE COLLIERY COMPANY LIMITED,ZW0009011934,LSE,FCA 
HYDRODEC GROUP PLC,GB00BFD2QZ40,LSE,FCA 
HYVE GROUP PLC,GB00BKP36R26,LSE,FCA 
I3 ENERGY PLC,GB00BDHXPJ60,LSE,FCA 
IBSTOCK PLC,GB00BYXJC278,LSE,FCA 
ICG ENTERPRISE TRUST PLC,GB0003292009,LSE,FCA 
ICG-LONGBOW SENIOR SECURED UK PROPERTY DEBT INVESTMENTS LIMITED,GG00B8C23S81,LSE,FCA 
ICONIC LABS PLC,GB00BD060S65,LSE,FCA 
IDEAGEN PLC,GB00B0CM0C50,LSE,FCA 
IDE GROUP HOLDINGS PLC,GB00B4NJ4984,LSE,FCA 
IDOX PLC,GB0002998192,LSE,FCA 
IENERGIZER LD,GG00B54NMG96,LSE,FCA 
IGAS ENERGY PLC,GB00BZ042C28,LSE,FCA 
IG DESIGN GROUP PLC,GB0004526900,LSE,FCA 
IG GROUP HOLDINGS PLC,GB00B06QFB75,LSE,FCA 
ILIKA PLC,GB00B608Z994,LSE,FCA 
IMAGE SCAN HOLDINGS PLC,GB0031410581,LSE,FCA 
IMC EXPLORATION GROUP PLC,IE00B6WC2H62,LSE,FCA 
IMIMOBILE PLC,GB00BLBP4Y22,LSE,FCA 
IMI PLC,GB00BGLP8L22,LSE,FCA 
IMMEDIA GROUP PLC,GB0033881904,LSE,FCA 
IMMOTION GROUP PLC,GB00BD5JRP64,LSE,FCA 
IMMUNODIAGNOSTIC SYSTEMS HOLDINGS PLC,GB00B01YZ052,LSE,FCA 
IMMUPHARMA PLC,GB0033711010,LSE,FCA 
IMPACT HEALTHCARE REIT PLC,GB00BYXVMJ03,LSE,FCA 
IMPAX ASSET MANAGEMENT GROUP PLC,GB0004905260,LSE,FCA 
IMPAX ENVIRONMENTAL MARKETS PLC,GB0031232498,LSE,FCA 
IMPELLAM GROUP PLC,GB00B8HWGJ55,LSE,FCA 
IMPERIAL BRANDS PLC,GB0004544929,LSE,FCA 
INCE GROUP PLC (THE),GB00BZBY3Y09,LSE,FCA 
INCHCAPE PLC,GB00B61TVQ02,LSE,FCA 
INCOME & GROWTH VCT (THE) PLC,GB00B29BN198,LSE,FCA 
INDEPENDENT INVESTMENT TRUST PLC,GB0000811686,LSE,FCA 
INDEPENDENT OIL & GAS PLC,GB00BF49WF64,LSE,FCA 
INDIA CAPITAL GROWTH FUND LIMITED,GB00B0P8RJ60,LSE,FCA 
INDIVIOR PLC,GB00BRS65X63,LSE,FCA 
INDUCTION HEALTHCARE GROUP PLC,GB00BJ0M3545,LSE,FCA 
INDUS GAS LIMITED,GG00B39HF298,LSE,FCA 
I-NEXUS GLOBAL PLC,GB00BDFDLT01,LSE,FCA 
INFORMA PLC,GB00BMJ6DW54,LSE,FCA 
INFRASTRATA PLC,GB00BLPJ1272,LSE,FCA 
INFRASTRUCTURE INDIA PLC,IM00B2QVWM67,LSE,FCA 
INGENTA PLC,GB00B3BDTG73,LSE,FCA 
INLAND HOMES PLC,GB00B1TR0310,LSE,FCA 
INLAND ZDP PLC,GB00B99R1Q79,LSE,FCA 
INNOVADERMA PLC,GB00BT9PTW34,LSE,FCA 
INSPECS GROUP PLC,GB00BK6JPP03,LSE,FCA 
INSPIRATION HEALTHCARE GROUP PLC,GB00BXDZL105,LSE,FCA 
INSPIRED ENERGY PLC,GB00B5TZC716,LSE,FCA 
INSPIRIT ENERGY HOLDINGS PLC,GB00B44W9L31,LSE,FCA 
INSTEM PLC,GB00B3TQCK30,LSE,FCA 
INTEGRAFIN HOLDINGS PLC,GB00BD45SH49,LSE,FCA 
INTEGRATED DIAGNOSTICS HOLDINGS PLC,JE00BV9H9G76,LSE,FCA 
INTELLIGENT ULTRASOUND GROUP PLC,GB00BN791Q39,LSE,FCA 
INTERCEDE GROUP PLC,GB0003287249,LSE,FCA 
INTERCONTINENTAL HOTELS GROUP PLC,GB00BHJYC057,LSE,FCA 
INTERMEDIATE CAPITAL GROUP PLC,GB00BYT1DJ19,LSE,FCA 
INTERNATIONAL BIOTECHNOLOGY TRUST PLC,GB0004559349,LSE,FCA 
INTERNATIONAL BUSINESS MACHINES CORPORATION,US4592001014,LSE,FCA 
INTERNATIONAL CONSOLIDATED AIRLINES GROUP S.A.,ES0177542018,LSE,FCA 
INTERNATIONAL PERSONAL FINANCE PLC,GB00B1YKG049,LSE,FCA 
INTERNATIONAL PUBLIC PARTNERSHIPS LD,GB00B188SR50,LSE,FCA 
INTERTEK GROUP PLC,GB0031638363,LSE,FCA 
INTOSOL HOLDINGS PLC,GB00BFYY4Y44,LSE,FCA 
INVESCO ASIA TRUST PLC,GB0004535307,LSE,FCA 
INVESCO ENHANCED INCOME LIMITED,GB00B05NYM32,LSE,FCA 
INVESCO INCOME GROWTH TRUST PLC,GB0003585725,LSE,FCA 
INVESCO PERPETUAL SELECT TRUST PLC,GB00B1DQ6696,LSE,FCA 
INVESCO PERPETUAL SELECT TRUST PLC,GB00B1DQ6472,LSE,FCA 
INVESCO PERPETUAL SELECT TRUST PLC,GB00B1DQ6704,LSE,FCA 
INVESCO PERPETUAL SELECT TRUST PLC,GB00B1DPVL60,LSE,FCA 
INVESCO PERPETUAL UK SMALLER COMPANIES INVESTMENT TRUST PLC,GB00B1FL3C76,LSE,FCA 
INVESTEC INVESTMENT TRUST PLC,GB0004057468,LSE,FCA 
INVESTEC INVESTMENT TRUST PLC,GB0004058433,LSE,FCA 
INVESTEC PLC,GB00B17BBQ50,LSE,FCA 
INVESTEC PLC,GB00B19RX541,LSE,FCA 
INVESTMENT COMPANY PLC,GB0004658257,LSE,FCA 
INVINITY ENERGY SYSTEMS PLC,JE00BLR94N79,LSE,FCA 
IOFINA PLC,GB00B2QL5C79,LSE,FCA 
IOMART GROUP PLC,GB0004281639,LSE,FCA 
IP GROUP PLC,GB00B128J450,LSE,FCA 
IQ-AI LIMITED,JE00BD4H0R42,LSE,FCA 
IQE PLC,GB0009619924,LSE,FCA 
IQGEO GROUP PLC,GB00B3NCXX73,LSE,FCA 
IRF EUROPEAN FINANCE INVESTMENTS LTD,BMG493831058,LSE,FCA 
IRISH CONTINENTAL GROUP PLC,IE00BLP58571,LSE,FCA 
IRONRIDGE RESOURCES LIMITED,AU0000XINEX3,LSE,FCA 
IRONVELD PLC,GB0030426455,LSE,FCA 
ITACONIX PLC,GB00B84LVH87,LSE,FCA 
ITM POWER PLC,GB00B0130H42,LSE,FCA 
ITV PLC,GB0033986497,LSE,FCA 
IWG PLC,JE00BYVQYS01,LSE,FCA 
IXICO PLC,GB00BFXR4C20,LSE,FCA 
JADESTONE ENERGY INC,CA46989Q1000,LSE,FCA 
JAMES HALSTEAD PLC,GB00B0LS8535,LSE,FCA 
JAMES HALSTEAD PLC,GB0004053483,LSE,FCA 
JANGADA MINES PLC,GB00BZ11WQ61,LSE,FCA 
JARDINE MATHESON HOLDINGS LD,BMG507361001,LSE,FCA 
JARDINE MATHESON HOLDINGS LD,BMG507361001,LSE,FCA 
JARDINE MATHESON HOLDINGS LD,BMG507361001,LSE,FCA 
JARDINE STRATEGIC HOLDINGS LD,BMG507641022,LSE,FCA 
JARDINE STRATEGIC HOLDINGS LD,BMG507641022,LSE,FCA 
JARDINE STRATEGIC HOLDINGS LD,BMG507641022,LSE,FCA 
JARVIS SECURITIES PLC,GB00BKS9NN22,LSE,FCA 
JAYWING PLC,GB00BF5KDY46,LSE,FCA 
JD SPORTS FASHION PLC,GB00BYX91H57,LSE,FCA 
JERSEY ELECTRICITY PLC,JE00B43SP147,LSE,FCA 
JERSEY OIL AND GAS PLC,GB00BYN5YK77,LSE,FCA 
JET2 PLC,GB00B1722W11,LSE,FCA 
JKX OIL & GAS PLC,GB0004697420,LSE,FCA 
JLEN ENVIRONMENTAL ASSETS GROUP LIMITED,GG00BJL5FH87,LSE,FCA 
JOHN LAING GROUP PLC,GB00BVC3CB83,LSE,FCA 
JOHN LEWIS OF HUNGERFORD PLC,GB0004773148,LSE,FCA 
JOHNSON MATTHEY PLC,GB00BZ4BQC70,LSE,FCA 
JOHNSON SERVICE GROUP PLC,GB0004762810,LSE,FCA 
JOULES GROUP PLC,GB00BZ059357,LSE,FCA 
JOURNEO PLC,GB00BKP51V79,LSE,FCA 
JPEL PRIVATE EQUITY LIMITED,GG00BMDQPC56,LSE,FCA 
JPMORGAN AMERICAN INVESTMENT TRUST PLC,GB00BKZGVH64,LSE,FCA 
JPMORGAN ASIA GROWTH & INCOME PLC,GB0001320778,LSE,FCA 
JPMORGAN CHINA GROWTH & INCOME PLC,GB0003435012,LSE,FCA 
JPMORGAN CLAVERHOUSE INVESTMENT TRUST PLC,GB0003422184,LSE,FCA 
JPMORGAN ELECT PLC,GB0008528142,LSE,FCA 
JPMORGAN ELECT PLC,GB0034080092,LSE,FCA 
JPMORGAN ELECT PLC,GB0034080217,LSE,FCA 
JPMORGAN EMERGING MARKETS INVESTMENT TRUST PLC,GB00BMXWN182,LSE,FCA 
JPMORGAN EUROPEAN INVESTMENT TRUST PLC,GB00B18JK166,LSE,FCA 
JPMORGAN EUROPEAN INVESTMENT TRUST PLC,GB00B17XWW44,LSE,FCA 
JPMORGAN EURO SMALL CO. TRUST PLC,GB00BMTS0Z37,LSE,FCA 
JPMORGAN GLOBAL CORE REAL ASSETS LIMITED,GG00BJVKW831,LSE,FCA 
JPMORGAN GLOBAL CORE REAL ASSETS LIMITED,GG00BJVKW831,LSE,FCA 
JPMORGAN GLOBAL CORE REAL ASSETS LIMITED,GG00BJVKW831,LSE,FCA 
JPMORGAN GLOBAL EMERGING MARKETS INCOME TRUST PLC,GB00B5ZZY915,LSE,FCA 
JPMORGAN GLOBAL GROWTH & INCOME PLC,GB00BYMKY695,LSE,FCA 
JPMORGAN INDIAN INVESTMENT TRUST PLC,GB0003450359,LSE,FCA 
JPMORGAN JAPANESE INVESTMENT TRUST PLC,GB0001740025,LSE,FCA 
JPMORGAN JAPAN SMALLER CO TST PLC,GB0003165817,LSE,FCA 
JPMORGAN JAPAN SMALLER CO TST PLC,GB00BSFWJ549,LSE,FCA 
JPMORGAN MID CAPITAL INVESTMENT TRUST PLC,GB0002357613,LSE,FCA 
JPMORGAN MULTI-ASSET TRUST PLC,GB00BFWJJT14,LSE,FCA 
JPMORGAN RUSSIAN SECURITIES PLC,GB0032164732,LSE,FCA 
JPMORGAN SMALLER COMPANIES INVESTMENT TRUST PLC,GB00BF7L8P11,LSE,FCA 
JPMORGAN US SMALLER CO. INV TST PLC,GB00BJL5F346,LSE,FCA 
JTC PLC,JE00BF4X3P53,LSE,FCA 
JUBILEE METALS GROUP PLC,GB0031852162,LSE,FCA 
JUDGES SCIENTIFIC PLC,GB0032398678,LSE,FCA 
JUPITER EMERGING & FRONTIER INCOME TRUST PLC,GB00BDR05757,LSE,FCA 
JUPITER FUND MANAGEMENT PLC,GB00B53P2009,LSE,FCA 
JUPITER GREEN INVESTMENT TRUST PLC,GB00B120GL77,LSE,FCA 
JUPITER UK GROWTH INVESTMENT TRUST PLC,GB00BFD3V961,LSE,FCA 
JUPITER US SMALLER COMPANIES PLC,GB0003463402,LSE,FCA 
JUST EAT TAKEAWAY.COM N.V.,NL0012015705,LSE,FCA 
JUST GROUP PLC,GB00BCRX1J15,LSE,FCA 
JZ CAPITAL PARTNERS LIMITED,GG00B403HK58,LSE,FCA 
JZ CAPITAL PARTNERS LIMITED,GG00BZ0RY036,LSE,FCA 
K3 BUSINESS TECHNOLOGY GROUP PLC,GB00B00P6061,LSE,FCA 
K3 CAPITAL GROUP PLC,GB00BF1HPD20,LSE,FCA 
KAINOS GROUP PLC,GB00BZ0D6727,LSE,FCA 
KAKUZI LD,KE0000000281,LSE,FCA 
KAPE TECHNOLOGIES PLC,IM00BQ8NYV14,LSE,FCA 
KARELIAN DIAMOND RESOURCES PLC,IE00BD09HK61,LSE,FCA 
KATORO GOLD PLC,GB00BSNBL022,LSE,FCA 
KAVANGO RESOURCES PLC,GB00BF0VMV24,LSE,FCA 
KAZERA GLOBAL PLC,GB00B830HW33,LSE,FCA 
KAZ MINERALS PLC,GB00B0HZPV38,LSE,FCA 
KCR RESIDENTIAL REIT PLC,GB00BYWK1Q82,LSE,FCA 
KEFI GOLD AND COPPER PLC,GB00BD8GP619,LSE,FCA 
KELLER GROUP PLC,GB0004866223,LSE,FCA 
KENMARE RESOURCES PLC,IE00BDC5DG00,LSE,FCA 
KERAS RESOURCES PLC,GB00B649J414,LSE,FCA 
KERRY GROUP PLC,IE0004906560,LSE,FCA 
KEYSTONE INVESTMENT TRUST PLC,GB0004912282,LSE,FCA 
KEYSTONE INVESTMENT TRUST PLC,GB00BK96BB68,LSE,FCA 
KEYSTONE LAW GROUP PLC,GB00BZ020557,LSE,FCA 
KEYWORDS STUDIOS PLC,GB00BBQ38507,LSE,FCA 
KIBO ENERGY PLC,IE00B97C0C31,LSE,FCA 
KIER GROUP PLC,GB0004915632,LSE,FCA 
KIN AND CARTA PLC,GB0007689002,LSE,FCA 
KINGFISHER PLC,GB0033195214,LSE,FCA 
KINGS ARMS YARD VCT PLC,GB0007174294,LSE,FCA 
KINGSPAN GROUP PLC,IE0004927939,LSE,FCA 
KINGSWOOD HOLDINGS LIMITED,GG00BKY4K072,LSE,FCA 
KISTOS PLC,GB00BLF7NX68,LSE,FCA 
KKV SECURED LOAN FUND LIMITED,GG00BN56JF17,LSE,FCA 
KKV SECURED LOAN FUND LIMITED,GG00BFXYHJ13,LSE,FCA 
KNIGHTS GROUP HOLDINGS PLC,GB00BFYF6298,LSE,FCA 
KODAL MINERALS PLC,GB00BH3X7Y70,LSE,FCA 
KONAMI HOLDINGS CORPORATION,JP3300200007,LSE,FCA 
KOOTH PLC,GB00BMCZLK30,LSE,FCA 
KORE POTASH PLC,GB00BYP2QJ94,LSE,FCA 
KOSMOS ENERGY LTD,US5006881065,LSE,FCA 
KRM22 PLC,GB00BFM6WC61,LSE,FCA 
KROMEK GROUP PLC,GB00BD7V5D43,LSE,FCA 
KROPZ PLC,GB00BZ1HLP69,LSE,FCA 
KSK POWER VENTUR PLC,IM00B1G29327,LSE,FCA 
LAMPRELL PLC,GB00B1CL5249,LSE,FCA 
LANCASHIRE HOLDINGS LIMITED,BMG5361W1047,LSE,FCA 
LANDORE RESOURCES LIMITED,GG00BMX4VR69,LSE,FCA 
LAND SECURITIES GROUP PLC,GB00BYW0PQ60,LSE,FCA 
LANSDOWNE OIL & GAS PLC,GB00B1250X28,LSE,FCA 
LATHAM (JAMES) PLC,GB00B04NP100,LSE,FCA 
LATHAM (JAMES) PLC,GB0005065312,LSE,FCA 
LAW DEBENTURE CORPORATION PLC,GB0031429219,LSE,FCA 
LEARNING TECHNOLOGIES GROUP PLC,GB00B4T7HX10,LSE,FCA 
LEEDS GROUP PLC,GB0005100606,LSE,FCA 
LEGAL & GENERAL GROUP PLC,GB0005603997,LSE,FCA 
LEKOIL LIMITED,KYG5462G1073,LSE,FCA 
LIDCO GROUP PLC,GB0030546849,LSE,FCA 
LIDCO GROUP PLC,GB00BMHX6F22,LSE,FCA 
LIFE SETTLEMENT ASSETS PLC,GB00BF1Q4B05,LSE,FCA 
LIFE SETTLEMENT ASSETS PLC,GB00BF1Q4C12,LSE,FCA 
LIMITLESS EARTH PLC,GB00BKXP5L71,LSE,FCA 
LINDSELL TRAIN INVESTMENT TRUST PLC,GB0031977944,LSE,FCA 
LIONTRUST ASSET MANAGEMENT PLC,GB0007388407,LSE,FCA 
LITIGATION CAPITAL MANAGEMENT LIMITED,AU000000LCA6,LSE,FCA 
LIVE COMPANY GROUP PLC,GB00BGSGT481,LSE,FCA 
LIVERMORE INVESTMENTS GROUP LIMITED,VGG550931015,LSE,FCA 
LLOYDS BANKING GROUP PLC,GB0008706128,LSE,FCA 
LMS CAPITAL PLC,GB00B12MHD28,LSE,FCA 
LOCATION SCIENCES GROUP PLC,GB00BGT36S19,LSE,FCA 
LOK'N STORE GROUP PLC,GB0007276115,LSE,FCA 
LONDON & ASSOCIATED PROPERTIES PLC,GB0005234223,LSE,FCA 
LONDON FINANCE & INVESTMENT GROUP PLC,GB0002994001,LSE,FCA 
LONDONMETRIC PROPERTY PLC,GB00B4WFW713,LSE,FCA 
LONDON SECURITY PLC,GB0005314363,LSE,FCA 
LONDON STOCK EXCHANGE GROUP PLC,GB00B0SWJX34,LSE,FCA 
LONGBOAT ENERGY PLC,GB00BKFW2482,LSE,FCA 
LOOKERS PLC,GB00B17MMZ46,LSE,FCA 
LOOPUP GROUP PLC,GB00BYQP6S60,LSE,FCA 
LOUNGERS PLC,GB00BH4JR002,LSE,FCA 
LOWLAND INVESTMENT COMPANY PLC,GB0005368062,LSE,FCA 
LPA GROUP PLC,GB0007320806,LSE,FCA 
LSL PROPERTY SERVICES PLC,GB00B1G5HX72,LSE,FCA 
LUCECO PLC,GB00BZC0LP49,LSE,FCA 
LXI REIT PLC,GB00BYQ46T41,LSE,FCA 
MACAU PROPERTY OPPORTUNITIES FUND LIMITED,GG00BGDYFV61,LSE,FCA 
MACFARLANE GROUP PLC,GB0005518872,LSE,FCA 
MAESTRANO GROUP PLC,GB00BYZQM590,LSE,FCA 
MAINTEL HOLDINGS PLC,GB00B046YG73,LSE,FCA 
MAJEDIE INVESTMENTS PLC,GB0005555221,LSE,FCA 
MALVERN INTERNATIONAL PLC,GB00B04XB679,LSE,FCA 
MANCHESTER & LONDON INVESTMENT TRUST PLC,GB0002258472,LSE,FCA 
MANDARIN ORIENTAL INTERNATIONAL LD,BMG578481068,LSE,FCA 
MANDARIN ORIENTAL INTERNATIONAL LD,BMG578481068,LSE,FCA 
MANDARIN ORIENTAL INTERNATIONAL LD,BMG578481068,LSE,FCA 
MAN GROUP PLC,JE00BJ1DLW90,LSE,FCA 
MANOLETE PARTNERS PLC,GB00BYWQCY12,LSE,FCA 
MANX FINANCIAL GROUP PLC,IM00B28ZPX83,LSE,FCA 
MARBLE POINT LOAN FINANCING LIMITED,GG00BF1Q4G54,LSE,FCA 
MARBLE POINT LOAN FINANCING LIMITED,GG00BF1Q4G54,LSE,FCA 
MARECHALE CAPITAL PLC,GB0005401087,LSE,FCA 
MARKS AND SPENCER GROUP PLC,GB0031274896,LSE,FCA 
MARLOWE PLC,GB00BD8SLV43,LSE,FCA 
MARSHALL MOTOR HOLDINGS PLC,GB00BVYB2Q58,LSE,FCA 
MARSHALLS PLC,GB00B012BV22,LSE,FCA 
MARSH & MCLENNAN COS. INC,US5717481023,LSE,FCA 
MARSTON'S PLC,GB0009772459,LSE,FCA 
MARSTON'S PLC,GB00B1JQDM80,LSE,FCA 
MARTIN CURRIE GLOBAL PORTFOLIO TRUST PLC,GB0005372411,LSE,FCA 
MARUWA CO. LTD,JP3879250003,LSE,FCA 
MARWYN VALUE INVESTORS LIMITED,KYG5897M1740,LSE,FCA 
MARWYN VALUE INVESTORS LIMITED,KYG5897M3076,LSE,FCA 
MATTIOLI WOODS PLC,GB00B0MT3Y97,LSE,FCA 
MAVEN INCOME AND GROWTH VCT 3 PLC,GB0031153769,LSE,FCA 
MAVEN INCOME AND GROWTH VCT 5 PLC,GB0002057536,LSE,FCA 
MAVEN INCOME & GROWTH VCT 4 PLC,GB00B043QW84,LSE,FCA 
MAVEN INCOME & GROWTH VCT PLC,GB0004122858,LSE,FCA 
MAXCYTE INC,USU575803072,LSE,FCA 
MAXCYTE INC,US57777K1060,LSE,FCA 
MCBRIDE PLC,GB0005746358,LSE,FCA 
MCCARTHY & STONE PLC,GB00BYNVD082,LSE,FCA 
MCCOLL'S RETAIL GROUP PLC,GB00BJ3VW957,LSE,FCA 
MCKAY SECURITIES PLC,GB0005522007,LSE,FCA 
MC MINING LIMITED,AU000000MCM9,LSE,FCA 
M&C SAATCHI PLC,GB00B01F7T14,LSE,FCA 
MEARS GROUP PLC,GB0005630420,LSE,FCA 
MEDIA AND INCOME TRUST PLC,GB0009216283,LSE,FCA 
MEDIA AND INCOME TRUST PLC,GB0030358831,LSE,FCA 
MEDIAZEST PLC,GB00B064NT52,LSE,FCA 
MEDICA GROUP PLC,GB00BYV24996,LSE,FCA 
MEDICLINIC INTERNATIONAL PLC,GB00B8HX8Z88,LSE,FCA 
MEGGITT PLC,GB0005758098,LSE,FCA 
MEIKLES LIMITED,ZW0009012114,LSE,FCA 
MELODYVR GROUP PLC,GB00BD2YHN21,LSE,FCA 
MELROSE INDUSTRIES PLC,GB00BZ1G4322,LSE,FCA 
MENA LAND PLC,GB00BFZN8V50,LSE,FCA 
MENHADEN PLC,GB00BZ0XWD04,LSE,FCA 
MENZIES(JOHN) PLC,GB0005790273,LSE,FCA 
MENZIES(JOHN) PLC,GB0005790059,LSE,FCA 
MERCANTILE INVESTMENT TRUST (THE) PLC,GB00BF4JDH58,LSE,FCA 
MERCANTILE PORTS & LOGISTICS LIMITED,GG00B53M7D91,LSE,FCA 
MERCHANTS TRUST PLC,GB0005800296,LSE,FCA 
MERCHANTS TRUST PLC,GB0005800072,LSE,FCA 
MERCIA ASSET MANAGEMENT PLC,GB00BSL71W47,LSE,FCA 
MEREO BIOPHARMA GROUP PLC,GB00BZ4G2K23,LSE,FCA 
MERIAN CHRYSALIS INVESTMENT COMPANY LIMITED,GG00BGJYPP46,LSE,FCA 
METALNRG PLC,GB00B15FS791,LSE,FCA 
METALS EXPLORATION PLC,GB00B0394F60,LSE,FCA 
METAL TIGER PLC,GB00BMQC0691,LSE,FCA 
METRO BANK PLC,GB00BZ6STL67,LSE,FCA 
M&G CREDIT INCOME INVESTMENT TRUST PLC,GB00BFYYL325,LSE,FCA 
M&G PLC,GB00BKFB1C65,LSE,FCA 
MICHELMERSH BRICK HOLDINGS PLC,GB00B013H060,LSE,FCA 
MICRO FOCUS INTERNATIONAL PLC,GB00BJ1F4N75,LSE,FCA 
MICROSAIC SYSTEMS PLC,GB00B547ZY09,LSE,FCA 
MIDATECH PHARMA PLC,GB00BKT14T00,LSE,FCA 
MIDDLEFIELD CANADIAN INCOME PCC,GB00B15PV034,LSE,FCA 
MIDWICH GROUP PLC,GB00BYSXWW41,LSE,FCA 
MID-WYND INTERNATIONAL INVESTMENT TRUST PLC,GB00B6VTTK07,LSE,FCA 
MILA RESOURCES PLC,GB00BD4FCK53,LSE,FCA 
MINCON GROUP PLC,IE00BD64C665,LSE,FCA 
MIND GYM PLC,GB00BF3SQB83,LSE,FCA 
MINDS + MACHINES GROUP LIMITED,VGG614091012,LSE,FCA 
MINERAL & FINANCIAL INVESTMENTS LIMITED,KYG6181G1055,LSE,FCA 
"MINING, MINERALS & METALS PLC",GB00BF7L9148,LSE,FCA 
MINOAN GROUP PLC,GB0008497975,LSE,FCA 
MIRADA PLC,GB00BK77QQ18,LSE,FCA 
MIRRIAD ADVERTISING PLC,GB00BF52QY14,LSE,FCA 
MITCHELLS & BUTLERS PLC,GB00B1FP6H53,LSE,FCA 
MITIE GROUP PLC,GB0004657408,LSE,FCA 
MITON GLOBAL OPPORTUNITIES PLC,GB0034365949,LSE,FCA 
MITON UK MICROCAP TRUST PLC,GB00BWFGQ085,LSE,FCA 
MITSUBISHI ELECTRIC CORPORATION,JP3902400005,LSE,FCA 
MJ GLEESON PLC,GB00BRKD9Z53,LSE,FCA 
MJ HUDSON GROUP PLC,JE00BJTLYP93,LSE,FCA 
MKANGO RESOURCES LTD,CA60686A4090,LSE,FCA 
MOBEUS INCOME & GROWTH 2 VCT PLC,GB00B0LKLZ05,LSE,FCA 
MOBEUS INCOME & GROWTH 4 VCT PLC,GB00B1FMDH51,LSE,FCA 
MOBEUS INCOME & GROWTH VCT PLC,GB00B01WL239,LSE,FCA 
MOBILE STREAMS PLC,GB00B0WJ3L68,LSE,FCA 
MOBILE TORNADO GROUP PLC,GB00B01RQV23,LSE,FCA 
MOBILITYONE LIMITED,JE00B1Z48326,LSE,FCA 
MOBIUS INVESTMENT TRUST PLC,GB00BFZ7R980,LSE,FCA 
MODE GLOBAL HOLDINGS PLC,GB00BKX8NT01,LSE,FCA 
MODERN WATER PLC,GB00B1XF5X66,LSE,FCA 
MONDI PLC,GB00B1CRLC47,LSE,FCA 
MONEYSUPERMARKET.COM GROUP PLC,GB00B1ZBKY84,LSE,FCA 
MONKS INVESTMENT TRUST PLC,GB0030517261,LSE,FCA 
MONTANARO EUROPEAN SMALLER C. TST PLC,GB0004543517,LSE,FCA 
MONTANARO UK SMALLER COMPANIES INVESTMENT TRUST PLC,GB00BZ1H9L86,LSE,FCA 
MORGAN ADVANCED MATERIALS PLC,GB0006026446,LSE,FCA 
MORGAN ADVANCED MATERIALS PLC,GB0006026669,LSE,FCA 
MORGAN ADVANCED MATERIALS PLC,GB0006027295,LSE,FCA 
MORGAN SINDALL GROUP PLC,GB0008085614,LSE,FCA 
MORRISON (WM) SUPERMARKETS PLC,GB0006043169,LSE,FCA 
MORSES CLUB PLC,GB00BZ6C4F71,LSE,FCA 
MORTGAGE ADVICE BUREAU (HOLDINGS) PLC,GB00BQSBH502,LSE,FCA 
MOSMAN OIL AND GAS LIMITED,AU0000XINET1,LSE,FCA 
MOTHERCARE PLC,GB0009067447,LSE,FCA 
MOTIF BIO PLC,GB00BVVT4H71,LSE,FCA 
MOTORPOINT GROUP PLC,GB00BD0SFR60,LSE,FCA 
MOUNTFIELD GROUP PLC,GB00B3CQW227,LSE,FCA 
MOUNTVIEW ESTATES PLC,GB0006081037,LSE,FCA 
MPAC GROUP PLC,GB0005991111,LSE,FCA 
M.P. EVANS GROUP PLC,GB0007538100,LSE,FCA 
MS INTERNATIONAL PLC,GB0005957005,LSE,FCA 
MTI WIRELESS EDGE LTD.,IL0010958762,LSE,FCA 
MULBERRY GROUP PLC,GB0006094303,LSE,FCA 
MURRAY INCOME TRUST PLC,GB0006111123,LSE,FCA 
MURRAY INTERNATIONAL TRUST PLC,GB0006111909,LSE,FCA 
MUSEDIA CORPORATION,US68389V1098,LSE,FCA 
MUSTANG ENERGY PLC,GB00BJ9MHH56,LSE,FCA 
M WINKWORTH PLC,GB00B4TT7L53,LSE,FCA 
MYANMAR INVESTMENTS INTERNATIONAL LIMITED,VGG636111004,LSE,FCA 
MYANMAR STRATEGIC HOLDINGS LIMITED,SG9999015747,LSE,FCA 
MYCELX TECHNOLOGIES CORPORATION,US62847T2024,LSE,FCA 
MYSALE GROUP PLC,JE00BMH4MR96,LSE,FCA 
N4 PHARMA PLC,GB00BYW8QM32,LSE,FCA 
NAHL GROUP PLC,GB00BM7S2W63,LSE,FCA 
NAKAMA GROUP PLC,GB0004251970,LSE,FCA 
NAKED WINES PLC,GB00B021F836,LSE,FCA 
NANOCO GROUP PLC,GB00B01JLR99,LSE,FCA 
NATIONAL EXPRESS GROUP PLC,GB0006215205,LSE,FCA 
NATIONAL GRID PLC,GB00BDR05C01,LSE,FCA 
NATIONAL WORLD PLC,GB00BJN5J635,LSE,FCA 
NATIONWIDE BUILDING SOCIETY,GB00BBQ33664,LSE,FCA 
NATWEST GROUP PLC,GB00B7T77214,LSE,FCA 
NB DISTRESSED DEBT INVESTMENT FUND LIMITED,GG00BDFZ6F78,LSE,FCA 
NB DISTRESSED DEBT INVESTMENT FUND LIMITED,GG00BMY71748,LSE,FCA 
NB DISTRESSED DEBT INVESTMENT FUND LIMITED,GG00BMY71631,LSE,FCA 
NB GLOBAL MONTHLY INCOME FUND LIMITED,GG00B3KX4Q34,LSE,FCA 
NB PRIVATE EQUITY PARTNERS LIMITED,GG00B1ZBD492,LSE,FCA 
NB PRIVATE EQUITY PARTNERS LIMITED,GG00BD0FRW63,LSE,FCA 
NB PRIVATE EQUITY PARTNERS LIMITED,GG00BD96PR19,LSE,FCA 
NB PRIVATE EQUITY PARTNERS LIMITED,GG00B1ZBD492,LSE,FCA 
NCC GROUP PLC,GB00B01QGK86,LSE,FCA 
NCONDEZI ENERGY LIMITED,VGG640631039,LSE,FCA 
NETCALL PLC,GB0000060532,LSE,FCA 
NETSCIENTIFIC PLC,GB00BN4R5Q82,LSE,FCA 
NETWORK INTERNATIONAL HOLDINGS PLC,GB00BH3VJ782,LSE,FCA 
NEW CENTURY AIM VCT 2 PLC,GB00B1SN3863,LSE,FCA 
NEW CENTURY AIM VCT PLC,GB00B06JWZ91,LSE,FCA 
NEWMARK SECURITY PLC,GB0006596406,LSE,FCA 
NEWRIVER REIT PLC,GB00BD7XPJ64,LSE,FCA 
NEW STAR INVESTMENT TRUST PLC,GB0002631041,LSE,FCA 
NEXTENERGY SOLAR FUND LIMITED,GG00BJ0JVY01,LSE,FCA 
NEXT FIFTEEN COMMUNICATIONS GROUP PLC,GB0030026057,LSE,FCA 
NEXT PLC,GB0032089863,LSE,FCA 
NEXUS INFRASTRUCTURE PLC,GB00BZ77SW60,LSE,FCA 
NICHOLS PLC,GB0006389398,LSE,FCA 
NINETY ONE PLC,GB00BJHPLV88,LSE,FCA 
NIPPON ACTIVE VALUE FUND PLC,GB00BKLGLS10,LSE,FCA 
NMBZ HOLDINGS LD,ZW0009011389,LSE,FCA 
NMBZ HOLDINGS LD,ZW0009011389,LSE,FCA 
NMCN PLC,GB0006452857,LSE,FCA 
NON-STANDARD FINANCE PLC,GB00BRJ6JV17,LSE,FCA 
NORCROS PLC,GB00BYYJL418,LSE,FCA 
NORISH PLC,IE0006447985,LSE,FCA 
NORMAN BROADBENT PLC,GB00B3VF4Y66,LSE,FCA 
NORTHAMBER PLC,GB00B2Q99X01,LSE,FCA 
NORTH AMERICAN INCOME TRUST (THE) PLC,GB00BJ00Z303,LSE,FCA 
NORTH ATLANTIC SMALLER COMPANIES INVESTMENT TRUST PLC,GB0006439003,LSE,FCA 
NORTHBRIDGE INDUSTRIAL SERVICES PLC,GB00B0SPFW38,LSE,FCA 
NORTHERN 2 VCT PLC,GB0005356430,LSE,FCA 
NORTHERN 3 VCT PLC,GB0031152027,LSE,FCA 
NORTHERN BEAR PLC,GB00B19FLM15,LSE,FCA 
NORTHERN ELECTRIC PLC,GB0006546898,LSE,FCA 
NORTHERN VENTURE TRUST PLC,GB0006450703,LSE,FCA 
NOSTRA TERRA OIL AND GAS COMPANY PLC,GB00BZ76F335,LSE,FCA 
NOSTRUM OIL & GAS PLC,GB00BGP6Q951,LSE,FCA 
NOVACYT S.A.,FR0010397232,LSE,FCA 
NUCLEUS FINANCIAL GROUP PLC,GB00BG226J60,LSE,FCA 
NUFORMIX PLC,GB00BYW79Y38,LSE,FCA 
NUMIS CORPORATION PLC,GB00B05M6465,LSE,FCA 
NU-OIL AND GAS PLC,GB00B29T9605,LSE,FCA 
NWF GROUP PLC,GB0006523608,LSE,FCA 
OAKLEY CAPITAL INVESTMENTS LIMITED,BMG670131058,LSE,FCA 
OCADO GROUP PLC,GB00B3MBS747,LSE,FCA 
OCEAN OUTDOOR LIMITED,VGG6702A1084,LSE,FCA 
OCEAN WILSONS (HOLDINGS) LD,BMG6699D1074,LSE,FCA 
OCTAGONAL PLC,GB00BWWCHQ23,LSE,FCA 
OCTOPUS AIM VCT 2 PLC,GB00B0JQZZ80,LSE,FCA 
OCTOPUS AIM VCT PLC,GB0034202076,LSE,FCA 
OCTOPUS APOLLO VCT PLC,GB00B17B3479,LSE,FCA 
OCTOPUS RENEWABLES INFRASTRUCTURE TRUST PLC,GB00BJM02935,LSE,FCA 
OCTOPUS TITAN VCT PLC,GB00B28V9347,LSE,FCA 
ODYSSEAN INVESTMENT TRUST PLC,GB00BFFK7H57,LSE,FCA 
OILEX LD,AU000000OEX8,LSE,FCA 
OKYO PHARMA LIMITED,GG00BD3FV870,LSE,FCA 
OLD MUTUAL LIMITED,ZAE000255360,LSE,FCA 
OMEGA DIAGNOSTICS GROUP PLC,GB00B1VCP282,LSE,FCA 
ONCIMMUNE HOLDINGS PLC,GB00BYQ94H38,LSE,FCA 
ONE MEDIA IP GROUP PLC,GB00B1DRDZ07,LSE,FCA 
ONLINE BLOCKCHAIN PLC,GB0006601479,LSE,FCA 
ON THE BEACH GROUP PLC,GB00BYM1K758,LSE,FCA 
ONTHEMARKET PLC,GB00BFN3K335,LSE,FCA 
OPEN ORPHAN PLC,GB00B9275X97,LSE,FCA 
OPG POWER VENTURES PLC,IM00B2R3RX72,LSE,FCA 
OPTIBIOTIX HEALTH PLC,GB00BP0RTP38,LSE,FCA 
ORACLE POWER PLC,GB00B23JN426,LSE,FCA 
ORCHARD FUNDING GROUP PLC,GB00BYZFM569,LSE,FCA 
ORIENT TELECOMS PLC,GB00BYPHCZ29,LSE,FCA 
ORIGIN ENTERPRISES PLC,IE00B1WV4493,LSE,FCA 
ORIGO PARTNERS PLC,IM00B1G3MS12,LSE,FCA 
ORIGO PARTNERS PLC,IM00B3SXFX94,LSE,FCA 
ORIOLE RESOURCES PLC,GB00B0T29327,LSE,FCA 
ORMONDE MINING PLC,IE00BF0MZF04,LSE,FCA 
OROSUR MINING INC,CA6871961059,LSE,FCA 
ORYX INTERNATIONAL GROWTH FUND LTD,GG00B3BTVQ94,LSE,FCA 
OSB GROUP PLC,GB00BLDRH360,LSE,FCA 
OSIRIUM TECHNOLOGIES PLC,GB00BZ58DH10,LSE,FCA 
OTAQ PLC,GB00BK6JQ137,LSE,FCA 
OVOCA BIO PLC,IE00B4XVDC01,LSE,FCA 
OXFORD BIODYNAMICS PLC,GB00BD5H8572,LSE,FCA 
OXFORD BIOMEDICA PLC,GB00BDFBVT43,LSE,FCA 
OXFORD INSTRUMENTS PLC,GB0006650450,LSE,FCA 
OXFORD METRICS PLC,GB0030312788,LSE,FCA 
OXFORD TECHNOLOGY 2 VENTURE CAPITAL TRUST PLC,GB0003105052,LSE,FCA 
OXFORD TECHNOLOGY 3 VENTURE CAPITAL TRUST PLC,GB0031420390,LSE,FCA 
OXFORD TECHNOLOGY 4 VENTURE CAPITAL TRUST PLC,GB00B01H4V84,LSE,FCA 
OXFORD TECHNOLOGY VENTURE CAPITAL TRUST PLC,GB0006640204,LSE,FCA 
PACIFIC ASSETS TRUST PLC,GB0006674385,LSE,FCA 
PACIFIC HORIZON INVESTMENT TRUST PLC,GB0006667470,LSE,FCA 
PAGEGROUP PLC,GB0030232317,LSE,FCA 
PALACE CAPITAL PLC,GB00BF5SGF06,LSE,FCA 
PAN AFRICAN RESOURCES PLC,GB0004300496,LSE,FCA 
PANTHEON INTERNATIONAL PLC,GB0004148507,LSE,FCA 
PANTHEON RESOURCES PLC,GB00B125SX82,LSE,FCA 
PANTHERA RESOURCES PLC,GB00BD2B4L05,LSE,FCA 
PANTHER METALS PLC,IM00BKDM2T52,LSE,FCA 
PANTHER SECURITIES PLC,GB0005132070,LSE,FCA 
PAPILLON HOLDINGS PLC,GB00BYZC5R04,LSE,FCA 
PARAGON BANKING GROUP PLC,GB00B2NGPM57,LSE,FCA 
PARITY GROUP PLC,GB00B1235860,LSE,FCA 
PARKMEAD GROUP (THE) PLC,GB00BGCYZL73,LSE,FCA 
PATHFINDER MINERALS PLC,GB00BYY0JQ23,LSE,FCA 
PATH INVESTMENTS PLC,GB00BYQD5059,LSE,FCA 
PAYPOINT PLC,GB00B02QND93,LSE,FCA 
PCF GROUP PLC,GB0004189378,LSE,FCA 
PCGH ZDP PLC,GB00BDHXP963,LSE,FCA 
PCI-PAL PLC,GB0009737155,LSE,FCA 
PEARSON PLC,GB0006776081,LSE,FCA 
PEBBLE BEACH SYSTEMS GROUP PLC,GB0001482891,LSE,FCA 
PELATRO PLC,GB00BYXH8F66,LSE,FCA 
PEMBRIDGE RESOURCES PLC,GB00BG107324,LSE,FCA 
PEMBROKE VCT PLC,GB00BQVC9S79,LSE,FCA 
PENDRAGON PLC,GB00B1JQBT10,LSE,FCA 
PENNANT INTERNATIONAL GROUP PLC,GB0002570660,LSE,FCA 
PENNON GROUP PLC,GB00B18V8630,LSE,FCA 
PENNPETRO ENERGY PLC,GB00BF2K5076,LSE,FCA 
PENSANA RARE EARTHS PLC,GB00BKM0ZJ18,LSE,FCA 
PERMANENT TSB GROUP HOLDINGS PLC,IE00BWB8X525,LSE,FCA 
PERPETUAL INCOME AND GROWTH INVESTMENT TRUST PLC,GB00BMCMVM64,LSE,FCA 
PERPETUAL INCOME AND GROWTH INVESTMENT TRUST PLC,GB00BMCMVN71,LSE,FCA 
PERSHING SQUARE HOLDINGS LTD,GG00BPFJTF46,LSE,FCA 
PERSHING SQUARE HOLDINGS LTD,GG00BPFJTF46,LSE,FCA 
PERSIMMON PLC,GB0006825383,LSE,FCA 
PERSONAL ASSETS TRUST PLC,GB0006827546,LSE,FCA 
PERSONAL GROUP HOLDINGS PLC,GB0002760279,LSE,FCA 
PETARDS GROUP PLC,GB00B4YL8F73,LSE,FCA 
PETRA DIAMONDS LIMITED,BMG702781094,LSE,FCA 
PETREL RESOURCES PLC,IE0001340177,LSE,FCA 
PETROFAC LIMITED,GB00B0H2K534,LSE,FCA 
PETRO MATAD LIMITED,IM00B292WR19,LSE,FCA 
PETRONEFT RESOURCES PLC,IE00B0Q82B24,LSE,FCA 
PETROPAVLOVSK PLC,GB0031544546,LSE,FCA 
PETROTAL CORPORATION,CA71677J1012,LSE,FCA 
PETS AT HOME GROUP PLC,GB00BJ62K685,LSE,FCA 
PGIT SECURITIES 2020 PLC,GB00BN7CH425,LSE,FCA 
PGIT SECURITIES 2020 PLC,GB00BN7CH532,LSE,FCA 
PHAROS ENERGY PLC,GB00B572ZV91,LSE,FCA 
PHIMEDIX PLC,GB00BLM14N85,LSE,FCA 
PHOENIX COPPER LIMITED,VGG7060R1139,LSE,FCA 
PHOENIX GLOBAL RESOURCES PLC,GB00B7LHJ340,LSE,FCA 
PHOENIX GROUP HOLDINGS PLC,GB00BGXQNP29,LSE,FCA 
PHOENIX SPREE DEUTSCHLAND LIMITED,JE00B248KJ21,LSE,FCA 
PHOTO-ME INTERNATIONAL PLC,GB0008481250,LSE,FCA 
PHSC PLC,GB0033113456,LSE,FCA 
PHYSIOMICS PLC,GB00BDR6W943,LSE,FCA 
PICTON PROPERTY INCOME LD,GB00B0LCW208,LSE,FCA 
PIPEHAWK PLC,GB0003010609,LSE,FCA 
PIRES INVESTMENTS PLC,GB00BD07SH45,LSE,FCA 
PITTARDS PLC,GB00BHB1XR83,LSE,FCA 
PJSC LUKOIL ,RU0009024277,LSE,FCA 
PLANT HEALTH CARE PLC,GB00B01JC540,LSE,FCA 
PLAYTECH PLC,IM00B7S9G985,LSE,FCA 
PLAZA CENTERS N.V.,NL0011882741,LSE,FCA 
PLEXUS HOLDINGS PLC,GB00B0MDF233,LSE,FCA 
PLUS500 LTD,IL0011284465,LSE,FCA 
PLUTUS POWERGEN PLC,GB00B1GDWB47,LSE,FCA 
POLAR CAPITAL GLOBAL FINANCIALS TRUST PLC,GB00B9XQT119,LSE,FCA 
POLAR CAPITAL GLOBAL HEALTHCARE TRUST PLC,GB00B6832P16,LSE,FCA 
POLAR CAPITAL HOLDINGS PLC,GB00B1GCLT25,LSE,FCA 
POLAR CAPITAL TECHNOLOGY TRUST PLC,GB0004220025,LSE,FCA 
POLAREAN IMAGING PLC,GB00BF3DT583,LSE,FCA 
POLYMETAL INTERNATIONAL PLC,JE00B6T5S470,LSE,FCA 
POLYPIPE GROUP PLC,GB00BKRC5K31,LSE,FCA 
PORTMEIRION GROUP PLC,GB0006957293,LSE,FCA 
PORVAIR PLC,GB0006963689,LSE,FCA 
POWERHOUSE ENERGY GROUP PLC,GB00B4WQVY43,LSE,FCA 
POWER METAL RESOURCES PLC,GB00BYWJZ743,LSE,FCA 
PPHE HOTEL GROUP LIMITED,GG00B1Z5FH87,LSE,FCA 
PRAIRIE MINING LIMITED,AU000000PDZ2,LSE,FCA 
PREDATOR OIL & GAS HOLDINGS PLC,JE00BFZ1D698,LSE,FCA 
PREMIER AFRICAN MINERALS LIMITED,VGG7223M1005,LSE,FCA 
PREMIER FOODS PLC,GB00B7N0K053,LSE,FCA 
PREMIER MITON GLOBAL RENEWABLES TRUST PLC,GB0033537902,LSE,FCA 
PREMIER MITON GROUP PLC,GB00BZB2KR63,LSE,FCA 
PREMIER OIL PLC,GB00B43G0577,LSE,FCA 
PRESIDENT ENERGY PLC,GB00B3DDP128,LSE,FCA 
PRESSURE TECHNOLOGIES PLC,GB00B1XFKR57,LSE,FCA 
PRIMARY HEALTH PROPERTIES PLC,GB00BYRJ5J14,LSE,FCA 
PRIME PEOPLE PLC,GB00B4ZG0R74,LSE,FCA 
PRIMORUS INVESTMENTS PLC,GB00BKTCLJ25,LSE,FCA 
PRINCESS PRIVATE EQUITY HOLDING LIMITED,GG00B28C2R28,LSE,FCA 
PRINCESS PRIVATE EQUITY HOLDING LIMITED,GG00B28C2R28,LSE,FCA 
PROACTIS HOLDINGS PLC,GB00B13GSS58,LSE,FCA 
PROPERTY FRANCHISE GROUP PLC (THE),GB00BH0WFH67,LSE,FCA 
PROPHOTONIX LIMITED,US7434651060,LSE,FCA 
PROSPEX ENERGY PLC,GB00BMFZVZ53,LSE,FCA 
PROTEOME SCIENCES PLC,GB0003104196,LSE,FCA 
PROTON MOTOR POWER SYSTEMS PLC,GB00B140Y116,LSE,FCA 
PROVEN GROWTH & INCOME VCT PLC,GB00B5B7YS03,LSE,FCA 
PROVEN VCT PLC,GB00B8GH9P84,LSE,FCA 
PROVEXIS PLC,GB00B0923P27,LSE,FCA 
PROVIDENCE RESOURCES PLC,IE00B66B5T26,LSE,FCA 
PROVIDENT FINANCIAL PLC,GB00B1Z4ST84,LSE,FCA 
PROVIDENT FINANCIAL PLC,GB00BJ1FDX08,LSE,FCA 
PRS REIT (THE) PLC,GB00BF01NH51,LSE,FCA 
PRUDENTIAL PLC,GB0007099541,LSE,FCA 
PUMA ALPHA VCT PLC,GB00BGMG7F10,LSE,FCA 
PUMA VCT 11 PLC,GB00BQVBS545,LSE,FCA 
PUMA VCT 12 PLC,GB00BYSJJR68,LSE,FCA 
PUMA VCT 13 PLC,GB00BD5B1L68,LSE,FCA 
PURE GOLD MINING INC.,CA74624E1007,LSE,FCA 
PURETECH HEALTH PLC,GB00BY2Z0H74,LSE,FCA 
PURPLEBRICKS GROUP PLC,GB00BYV2MV74,LSE,FCA 
PZ CUSSONS PLC,GB00B19Z1432,LSE,FCA 
QINETIQ GROUP PLC,GB00B0WMWD03,LSE,FCA 
QUADRISE FUELS INTERNATIONAL PLC,GB00B11DDB67,LSE,FCA 
QUARTIX HOLDINGS PLC,GB00BLZH2C83,LSE,FCA 
QUARTO GROUP INCORPORATED,US74772E1001,LSE,FCA 
QUARTO GROUP INCORPORATED,USU748092009,LSE,FCA 
QUILTER PLC,GB00BDCXV269,LSE,FCA 
QUIXANT PLC,GB00B99PCP71,LSE,FCA 
QUIZ PLC,JE00BZ00SF59,LSE,FCA 
RAINBOW RARE EARTHS LIMITED,GG00BD59ZW98,LSE,FCA 
RA INTERNATIONAL GROUP PLC,GB00BDZV6W26,LSE,FCA 
RAMBLER METALS & MINING PLC,GB00B06Y3F14,LSE,FCA 
RAMSDENS HOLDINGS PLC,GB00BDR6V192,LSE,FCA 
RANDALL & QUILTER INVESTMENT HOLDINGS LTD,BMG7371X1065,LSE,FCA 
RANK GROUP PLC,GB00B1L5QH97,LSE,FCA 
RATHBONE BROTHERS PLC,GB0002148343,LSE,FCA 
RAVEN PROPERTY GROUP LIMITED,GB00B0D5V538,LSE,FCA 
RAVEN PROPERTY GROUP LIMITED,GG00B55K7B92,LSE,FCA 
RBG HOLDINGS PLC,GB00BFM6WL52,LSE,FCA 
RDI REIT P.L.C.,IM00BH3JLY32,LSE,FCA 
RDL REALISATION PLC,GB00BW4NPD65,LSE,FCA 
REABOLD RESOURCES PLC,GB00B95L0551,LSE,FCA 
REACH PLC,GB0009039941,LSE,FCA 
REACT GROUP PLC,GB00BZ2JBG28,LSE,FCA 
R.E.A. HOLDINGS PLC,GB0002349065,LSE,FCA 
R.E.A. HOLDINGS PLC,GB0007185639,LSE,FCA 
REAL ESTATE CREDIT INVESTMENTS LIMITED,GB00B0HW5366,LSE,FCA 
REAL ESTATE INVESTORS PLC,GB00B45XLP34,LSE,FCA 
REAL GOOD FOOD PLC,GB0033572867,LSE,FCA 
RECKITT BENCKISER GROUP PLC,GB00B24CGK77,LSE,FCA 
RECONSTRUCTION CAPITAL II LIMITED,KYG741521028,LSE,FCA 
RECORD PLC,GB00B28ZPS36,LSE,FCA 
REDCENTRIC PLC,GB00B7TW1V39,LSE,FCA 
REDDE NORTHGATE PLC,GB0003775664,LSE,FCA 
REDDE NORTHGATE PLC,GB00B41H7391,LSE,FCA 
RED EMPEROR RESOURCES NL,AU000000RMP0,LSE,FCA 
RED ROCK RESOURCES PLC,GB00BYWKBV38,LSE,FCA 
REDROW PLC,GB00BG11K365,LSE,FCA 
REDX PHARMA PLC,GB00BSNB6S51,LSE,FCA 
REGIONAL REIT LIMITED,GG00BYV2ZQ34,LSE,FCA 
RELX PLC,GB00B2B0DG97,LSE,FCA 
REMOTE MONITORED SYSTEMS PLC,GB00BFX0ZN92,LSE,FCA 
RENALYTIX AI PLC,GB00BYWL4Y04,LSE,FCA 
RENEURON GROUP PLC,GB00BF5G6K95,LSE,FCA 
RENEW HOLDINGS PLC,GB0005359004,LSE,FCA 
RENEWI PLC,GB0007995243,LSE,FCA 
RENISHAW PLC,GB0007323586,LSE,FCA 
RENOLD PLC,GB0007325417,LSE,FCA 
RENOLD PLC,GB0007325078,LSE,FCA 
RENTOKIL INITIAL PLC,GB00B082RF11,LSE,FCA 
REPUBLIC GOLDFIELDS INCORPORATED,CA76045L1004,LSE,FCA 
RESIDENTIAL SECURE INCOME PLC,GB00BYSX1508,LSE,FCA 
RESOLUTE MINING LIMITED,AU000000RSG6,LSE,FCA 
RESTAURANT GROUP PLC,GB00B0YG1K06,LSE,FCA 
RESTORE PLC,GB00B5NR1S72,LSE,FCA 
REVOLUTION BARS GROUP PLC,GB00BVDPPV41,LSE,FCA 
RHI MAGNESITA N.V.,NL0012650360,LSE,FCA 
RICARDO PLC,GB0007370074,LSE,FCA 
RICHLAND RESOURCES LTD,BMG7567C1304,LSE,FCA 
RICOH CO LTD,JP3973400009,LSE,FCA 
RIGHTMOVE PLC,GB00BGDT3G23,LSE,FCA 
RIGHTS & ISSUES INVESTMENT TRUST PLC,GB0007392078,LSE,FCA 
RIO TINTO PLC,GB0007188757,LSE,FCA 
RIT CAPITAL PARTNERS PLC,GB0007366395,LSE,FCA 
RIVER AND MERCANTILE GROUP PLC,GB00BLZH7X42,LSE,FCA 
RIVER AND MERCANTILE UK MICRO CAP INVESTMENT COMPANY LIMITED,GG00BZ8VFG05,LSE,FCA 
RIVERFORT GLOBAL OPPORTUNITIES PLC,GB00BKKD0862,LSE,FCA 
RIVERSTONE CREDIT OPPORTUNITIES INCOME PLC,GB00BJHPS390,LSE,FCA 
RIVERSTONE ENERGY LIMITED,GG00BBHXCL35,LSE,FCA 
RM PLC,GB00BJT0FF39,LSE,FCA 
RM SECURED DIRECT LENDING PLC,GB00BYMTBG55,LSE,FCA 
RM ZDP PLC,GB00BG1TSQ91,LSE,FCA 
ROBERT WALTERS PLC,GB0008475088,LSE,FCA 
ROBINSON PLC,GB00B00K4418,LSE,FCA 
ROCKFIRE RESOURCES PLC,GB00B42TN250,LSE,FCA 
ROCKHOPPER EXPLORATION PLC,GB00B0FVQX23,LSE,FCA 
ROCKPOOL ACQUISITIONS PLC,GB00BF2MWC40,LSE,FCA 
ROLLS-ROYCE HOLDINGS PLC,GB00B63H8491,LSE,FCA 
ROSS GROUP PLC,GB0002192606,LSE,FCA 
ROSSLYN DATA TECHNOLOGIES PLC,GB00BKX5CP01,LSE,FCA 
ROTALA PLC,GB00B1Z2MP60,LSE,FCA 
ROTORK PLC,GB0007530149,LSE,FCA 
ROTORK PLC,GB00BVFNZH21,LSE,FCA 
ROUND HILL MUSIC ROYALTY FUND LIMITED,GG00BMXNVC81,LSE,FCA 
ROYAL DUTCH SHELL PLC,GB00B03MLX29,LSE,FCA 
ROYAL DUTCH SHELL PLC,GB00B03MM408,LSE,FCA 
ROYAL MAIL PLC,GB00BDVZYZ77,LSE,FCA 
RPS GROUP PLC,GB0007594764,LSE,FCA 
RSA INSURANCE GROUP PLC,GB00BKKMKR23,LSE,FCA 
RSA INSURANCE GROUP PLC,GB0008631391,LSE,FCA 
RTC GROUP PLC,GB0002920121,LSE,FCA 
RTW VENTURE FUND LIMITED,GG00BKTRRM22,LSE,FCA 
RUA LIFE SCIENCES PLC,GB0033360586,LSE,FCA 
RUFFER INVESTMENT COMPANY LTD,GB00B018CS46,LSE,FCA 
RURELEC PLC,GB00B01XPW41,LSE,FCA 
RWS HOLDINGS PLC,GB00BVFCZV34,LSE,FCA 
RYANAIR HOLDINGS PLC,IE00BYTBXV33,LSE,FCA 
S4 CAPITAL PLC,GB00BFZZM640,LSE,FCA 
SABIEN TECHNOLOGY GROUP PLC,GB00B1FPCD38,LSE,FCA 
SABRE INSURANCE GROUP PLC,GB00BYWVDP49,LSE,FCA 
SAFESTAY PLC,GB00BKT0J702,LSE,FCA 
SAFESTORE HOLDINGS PLC,GB00B1N7Z094,LSE,FCA 
SAFESTYLE UK PLC,JE00BGP63272,LSE,FCA 
SAGA PLC,GB00BMX64W89,LSE,FCA 
SAGE GROUP PLC,GB00B8C3BL03,LSE,FCA 
SAINSBURY (J) PLC,GB00B019KW72,LSE,FCA 
SALT LAKE POTASH LIMITED,AU000000SO44,LSE,FCA 
SAN LEON ENERGY PLC,IE00BWVFTP56,LSE,FCA 
SANNE GROUP PLC,JE00BVRZ8S85,LSE,FCA 
SAREUM HOLDINGS PLC,GB00B02RFS12,LSE,FCA 
SAVANNAH ENERGY PLC,GB00BP41S218,LSE,FCA 
SAVANNAH RESOURCES PLC,GB00B647W791,LSE,FCA 
SAVILLS PLC,GB00B135BJ46,LSE,FCA 
SCANCELL HOLDINGS PLC,GB00B63D3314,LSE,FCA 
SCAPA GROUP PLC,GB0007281198,LSE,FCA 
SCHOLIUM GROUP PLC,GB00BJYS2173,LSE,FCA 
SCHRODER ASIAN TOTAL RETURN INVESTMENT COMPANY PLC,GB0008710799,LSE,FCA 
SCHRODER ASIAPACIFIC FUND PLC,GB0007918872,LSE,FCA 
SCHRODER EUROPEAN REAL ESTATE INVESTMENT TRUST PLC,GB00BY7R8K77,LSE,FCA 
SCHRODER INCOME GROWTH FUND PLC,GB0007915860,LSE,FCA 
SCHRODER JAPAN GROWTH FUND PLC,GB0008022849,LSE,FCA 
SCHRODER ORIENTAL INCOME FUND LIMITED,GB00B0CRWN59,LSE,FCA 
SCHRODER REAL ESTATE INVESTMENT TRUST LIMITED,GB00B01HM147,LSE,FCA 
SCHRODERS PLC,GB0002405495,LSE,FCA 
SCHRODERS PLC,GB0002395811,LSE,FCA 
SCHRODER UK MID CAP FUND PLC,GB0006108418,LSE,FCA 
SCHRODER UK PUBLIC PRIVATE TRUST PLC,GB00BVG1CF25,LSE,FCA 
SCIENCE GROUP PLC,GB00B39GTJ17,LSE,FCA 
SCIENCE IN SPORT PLC,GB00BBPV5329,LSE,FCA 
SCIROCCO ENERGY PLC,GB00BF1BK408,LSE,FCA 
SCOTGEMS PLC,GB00BYT25542,LSE,FCA 
SCOTGOLD RESOURCES LIMITED,AU000XINEAK5,LSE,FCA 
SCOTTISH AMERICAN INVESTMENT CO. PLC,GB0007873697,LSE,FCA 
SCOTTISH INVESTMENT TRUST PLC,GB0007826091,LSE,FCA 
SCOTTISH MORTGAGE INVESTMENT TRUST PLC,GB00BLDYK618,LSE,FCA 
SCOTTISH ORIENTAL SMALLER COMPANIES TRUST PLC,GB0007836132,LSE,FCA 
SCS GROUP PLC,GB00BRF0TJ56,LSE,FCA 
SDCL ENERGY EFFICIENCY INCOME TRUST PLC,GB00BGHVZM47,LSE,FCA 
SDI GROUP PLC,GB00B3FBWW43,LSE,FCA 
SDV 2025 ZDP PLC,GB00BZ7MQD81,LSE,FCA 
SDX ENERGY PLC,GB00BJ5JNL69,LSE,FCA 
SEALAND CAPITAL GALAXY LIMITED,KYG7948E1026,LSE,FCA 
SEC NEWGATE S.P.A.,IT0005200453,LSE,FCA 
SECURED INCOME FUND PLC,GB00BYMK5S87,LSE,FCA 
SECURE INCOME REIT PLC,GB00BLMQ9L68,LSE,FCA 
SECURE PROPERTY DEVELOPMENT & INVESTMENT PLC,CY0102102213,LSE,FCA 
SECURE TRUST BANK PLC,GB00B6TKHP66,LSE,FCA 
SECURITIES TRUST OF SCOTLAND PLC,GB00B09G3N23,LSE,FCA 
SEEEN PLC,GB00BK6SHS41,LSE,FCA 
SEEING MACHINES LIMITED,AU0000XINAJ0,LSE,FCA 
SEGRO PLC,GB00B5ZN1N88,LSE,FCA 
SENECA GLOBAL INCOME & GROWTH TRUST PLC,GB0008769993,LSE,FCA 
SENECA GROWTH CAPITAL VCT PLC,GB0031256109,LSE,FCA 
SENECA GROWTH CAPITAL VCT PLC,GB00BG13MH08,LSE,FCA 
SENIOR PLC,GB0007958233,LSE,FCA 
SENSYNE HEALTH PLC,GB00BYV3J755,LSE,FCA 
SEPLAT PETROLEUM DEVELOPMENT COMPANY PLC,NGSEPLAT0008,LSE,FCA 
SEQUOIA ECONOMIC INFRASTRUCTURE INCOME FUND LIMITED,GG00BV54HY67,LSE,FCA 
SERABI GOLD PLC,GB00BG5NDX91,LSE,FCA 
SERCO GROUP PLC,GB0007973794,LSE,FCA 
SERICA ENERGY PLC,GB00B0CY5V57,LSE,FCA 
SERINUS ENERGY PLC,JE00BF4N9R98,LSE,FCA 
SEVERFIELD PLC,GB00B27YGJ97,LSE,FCA 
SEVERN TRENT PLC,GB00B1FH8J72,LSE,FCA 
SHAFTESBURY PLC,GB0007990962,LSE,FCA 
SHANTA GOLD LIMITED,GB00B0CGR828,LSE,FCA 
SHEARWATER GROUP PLC,GB00BKT6VH21,LSE,FCA 
SHEFA GEMS LTD,IL0011101057,LSE,FCA 
SHERBORNE INVESTORS (GUERNSEY) B LIMITED,GG00B883XC99,LSE,FCA 
SHERBORNE INVESTORS (GUERNSEY) C LIMITED,GG00BZ3C3B94,LSE,FCA 
SHIELD THERAPEUTICS PLC,GB00BYV81293,LSE,FCA 
SHIRES INCOME PLC,GB0008052507,LSE,FCA 
SHOE ZONE PLC,GB00BLTVCF91,LSE,FCA 
SIGMA CAPITAL GROUP PLC,GB0004225073,LSE,FCA 
SIGMAROC PLC,GB00BYX5K988,LSE,FCA 
SIGNATURE AVIATION PLC,GB00BKDM7X41,LSE,FCA 
SIG PLC,GB0008025412,LSE,FCA 
SILENCE THERAPEUTICS PLC,GB00B9GTXM62,LSE,FCA 
SIMEC ATLANTIS ENERGY LIMITED,SG9999011118,LSE,FCA 
SIMIGON LTD.,IL0010991185,LSE,FCA 
SIRIUS REAL ESTATE LD,GG00B1W3VF54,LSE,FCA 
SKINBIOTHERAPEUTICS PLC,GB00BF33H870,LSE,FCA 
SLINGSBY (H.C.) PLC,GB0008138009,LSE,FCA 
SMART (J.) & CO. (CONTRACTORS) PLC,GB00B76BK617,LSE,FCA 
SMART METERING SYSTEMS PLC,GB00B4X1RC86,LSE,FCA 
SMARTSPACE SOFTWARE PLC,GB00BYWN0F98,LSE,FCA 
SME CREDIT REALISATION FUND LIMITED,GG00BMF75J31,LSE,FCA 
SMITH (DS) PLC,GB0008220112,LSE,FCA 
SMITH & NEPHEW PLC,GB0009223206,LSE,FCA 
SMITHS GROUP PLC,GB00B1WY2338,LSE,FCA 
SMITHS NEWS PLC,GB00B17WCR61,LSE,FCA 
SMITHSON INVESTMENT TRUST PLC,GB00BGJWTR88,LSE,FCA 
SMURFIT KAPPA GROUP PLC,IE00B1RR8406,LSE,FCA 
SOFTCAT PLC,GB00BYZDVK82,LSE,FCA 
SOLGOLD PLC,GB00B0WD0R35,LSE,FCA 
SOLID STATE PLC,GB0008237132,LSE,FCA 
SOMERO ENTERPRISE INC.,USU834501038,LSE,FCA 
SOPHEON PLC,GB00BSZM1369,LSE,FCA 
SOSANDAR PLC,GB00BDGS8G04,LSE,FCA 
SOUND ENERGY PLC,GB00B90XFF12,LSE,FCA 
SOURCEBIO INTERNATIONAL PLC,GB00BKSB1674,LSE,FCA 
SOUTH32 LIMITED,AU000000S320,LSE,FCA 
SPACEANDPEOPLE PLC,GB00B058DS79,LSE,FCA 
SPECTRA SYSTEMS CORPORATION,USU8457D1091,LSE,FCA 
SPECTRA SYSTEMS CORPORATION,US84756T1060,LSE,FCA 
SPECTRIS PLC,GB0003308607,LSE,FCA 
SPEEDY HIRE PLC,GB0000163088,LSE,FCA 
SPINNAKER OPPORTUNITIES PLC,GB00BYQCS703,LSE,FCA 
SPIRAX-SARCO ENGINEERING PLC,GB00BWFGQN14,LSE,FCA 
SPIRE HEALTHCARE GROUP PLC,GB00BNLPYF73,LSE,FCA 
SPIRENT COMMUNICATIONS PLC,GB0004726096,LSE,FCA 
SPORTECH PLC,GB00B28ZPV64,LSE,FCA 
SPRINGFIELD PROPERTIES PLC,GB00BF1QPG26,LSE,FCA 
SRT MARINE SYSTEMS PLC,GB00B0M8KM36,LSE,FCA 
SSE PLC,GB0007908733,LSE,FCA 
SSP GROUP PLC,GB00BGBN7C04,LSE,FCA 
STAFFLINE GROUP PLC,GB00B040L800,LSE,FCA 
STAGECOACH GROUP PLC,GB00B6YTLS95,LSE,FCA 
STANDARD CHARTERED PLC,GB0004082847,LSE,FCA 
STANDARD LIFE ABERDEEN PLC,GB00BF8Q6K64,LSE,FCA 
STANDARD LIFE INVESTMENTS PROPERTY INCOME TRUST LD,GB0033875286,LSE,FCA 
STANDARD LIFE PRIVATE EQUITY TRUST PLC,GB0030474687,LSE,FCA 
STANDARD LIFE UK SMALLER COMPANIES TRUST PLC,GB0002959582,LSE,FCA 
STANLEY GIBBONS GROUP PLC,GB0009628438,LSE,FCA 
STARCOM PLC,JE00B8WSDY21,LSE,FCA 
STARCREST EDUCATION THE BELT & ROAD LIMITED,KYG843791099,LSE,FCA 
STAR PHOENIX GROUP LTD,AU0000067084,LSE,FCA 
STARVEST PLC,GB0009619817,LSE,FCA 
STARWOOD EUROPEAN REAL ESTATE FINANCE LIMITED,GG00B79WC100,LSE,FCA 
STENPROP LIMITED,GG00BFWMR296,LSE,FCA 
STEPPE CEMENT LTD,MYA004433001,LSE,FCA 
STERLING ENERGY PLC,GB00B4X3Q493,LSE,FCA 
STHREE PLC,GB00B0KM9T71,LSE,FCA 
STILFONTEIN GOLD MINING CO LD,ZAE000007118,LSE,FCA 
ST JAMES HOUSE PLC,GB00BHXM9D70,LSE,FCA 
ST. JAMES'S PLACE PLC,GB0007669376,LSE,FCA 
STM GROUP PLC,IM00B1S9KY98,LSE,FCA 
ST.MODWEN PROPERTIES PLC,GB0007291015,LSE,FCA 
STOBART GROUP LD,GB00B03HDJ73,LSE,FCA 
STOCK SPIRITS GROUP PLC,GB00BF5SDZ96,LSE,FCA 
ST PETER PORT CAPITAL LIMITED,GG00B1V4NS68,LSE,FCA 
STRANGER HOLDINGS PLC,GB00BYWLRL80,LSE,FCA 
STRATEGIC EQUITY CAPITAL PLC,GB00B0BDCB21,LSE,FCA 
STRATEGIC MINERALS PLC,GB00B4W8PD74,LSE,FCA 
STRIX GROUP PLC,IM00BF0FMG91,LSE,FCA 
STUDIO RETAIL GROUP PLC ,GB00B8B4R053,LSE,FCA 
STV GROUP PLC,GB00B3CX3644,LSE,FCA 
SUMMERWAY CAPITAL PLC,GB00BDQYGP38,LSE,FCA 
SUMO GROUP PLC,GB00BD3HV384,LSE,FCA 
SUNRISE RESOURCES PLC,GB00B075Z681,LSE,FCA 
SUPERDRY PLC,GB00B60BD277,LSE,FCA 
SUPERMARKET INCOME REIT PLC,GB00BF345X11,LSE,FCA 
S & U PLC,GB0007655250,LSE,FCA 
S & U PLC,GB0007655474,LSE,FCA 
S & U PLC,GB0007655037,LSE,FCA 
SUPPLY@ME CAPITAL PLC,GB00BFMDJC60,LSE,FCA 
SURESERVE GROUP PLC,GB00BSKS1M86,LSE,FCA 
SURE VENTURES PLC,GB00BYWYZ460,LSE,FCA 
SURFACE TRANSFORMS PLC,GB0002892528,LSE,FCA 
SURGICAL INNOVATIONS GROUP PLC,GB0004016704,LSE,FCA 
SUTTON HARBOUR GROUP PLC,GB0008659202,LSE,FCA 
SVM UK EMERGING FUND PLC,GB0000684174,LSE,FCA 
SYLVANIA PLATINUM LIMITED,BMG864081044,LSE,FCA 
SYMPHONY ENVIRONMENTAL TECHNOLOGIES PLC,GB0009589168,LSE,FCA 
SYMPHONY INTERNATIONAL HOLDINGS LD,VGG548121059,LSE,FCA 
SYNAIRGEN PLC,GB00B0381Z20,LSE,FCA 
SYNCONA LIMITED,GG00B8P59C08,LSE,FCA 
SYNECTICS PLC,GB0007156838,LSE,FCA 
SYNTHOMER PLC,GB0009887422,LSE,FCA 
SYSGROUP PLC,GB00BYT18182,LSE,FCA 
SYSTEM1 GROUP PLC,GB00B1GVQH21,LSE,FCA 
TALKTALK TELECOM GROUP PLC,GB00B4YCDF59,LSE,FCA 
TANDEM GROUP PLC,GB00B460T373,LSE,FCA 
TANFIELD GROUP PLC,GB00B4QHFM95,LSE,FCA 
TARGET HEALTHCARE REIT PLC,GB00BJGTLF51,LSE,FCA 
TASEKO MINES LIMITED,CA8765111064,LSE,FCA 
TASTY PLC,GB00B17MN067,LSE,FCA 
TATE & LYLE PLC,GB0008754466,LSE,FCA 
TATE & LYLE PLC,GB0008754136,LSE,FCA 
TATTON ASSET MANAGEMENT PLC,GB00BYX1P358,LSE,FCA 
TAVISTOCK INVESTMENTS PLC,GB00BLNMLS43,LSE,FCA 
TAYLOR WIMPEY PLC,GB0008782301,LSE,FCA 
TBC BANK GROUP PLC,GB00BYT18307,LSE,FCA 
TCLARKE PLC,GB0002015021,LSE,FCA 
TEAM17 GROUP PLC,GB00BYVX2X20,LSE,FCA 
TED BAKER PLC,GB0001048619,LSE,FCA 
TEKCAPITAL PLC,GB00BKXGY798,LSE,FCA 
TEKMAR GROUP PLC,GB00BDFGGK53,LSE,FCA 
TELECOM PLUS PLC,GB0008794710,LSE,FCA 
TELIT COMMUNICATIONS PLC,GB00B06GM726,LSE,FCA 
TEMPLE BAR INVESTMENT TRUST PLC,GB0008825324,LSE,FCA 
TEMPLETON EMERGING MARKETS INVESTMENT TRUST PLC,GB0008829292,LSE,FCA 
TEN ENTERTAINMENT GROUP PLC,GB00BF020D33,LSE,FCA 
TEN LIFESTYLE GROUP PLC,GB00BF188X60,LSE,FCA 
TERN PLC,GB00BFPMV798,LSE,FCA 
TERTIARY MINERALS PLC,GB0008854563,LSE,FCA 
TESCO PLC,GB0008847096,LSE,FCA 
TETRAGON FINANCIAL GROUP LIMITED,GG00B1RMC548,LSE,FCA 
TETRAGON FINANCIAL GROUP LIMITED,GG00B1RMC548,LSE,FCA 
THALASSA HOLDINGS LIMITED,VGG878801114,LSE,FCA 
THARISA PLC,CY0103562118,LSE,FCA 
THE BARKBY GROUP PLC,GB00BL6TZZ70,LSE,FCA 
THE FULHAM SHORE PLC,GB00B9F8VG44,LSE,FCA 
THE GYM GROUP PLC,GB00BZBX0P70,LSE,FCA 
THE MISSION GROUP PLC,GB00B11FD453,LSE,FCA 
THE PANOPLY HOLDINGS PLC,GB00BGGK0V60,LSE,FCA 
THE PEBBLE GROUP PLC,GB00BK71XP16,LSE,FCA 
THE RENEWABLES INFRASTRUCTURE GROUP LIMITED,GG00BBHX2H91,LSE,FCA 
THE SCHIEHALLION FUND LIMITED,GG00BJ0CDD21,LSE,FCA 
THE SIMPLYBIZ GROUP PLC,GB00BG1THS43,LSE,FCA 
THEWORKS.CO.UK PLC,GB00BF5HBF20,LSE,FCA 
THG HOLDINGS PLC,GB00BMTV7393,LSE,FCA 
THINKSMART LIMITED,AU000XINEAE8,LSE,FCA 
THIRD POINT INVESTORS LIMITED,GG00B1YQ7219,LSE,FCA 
THIRD POINT INVESTORS LIMITED,GG00B1YQ7219,LSE,FCA 
THOR MINING PLC,GB00BD0NBV71,LSE,FCA 
THORPE (F.W.) PLC,GB00BC9ZLX92,LSE,FCA 
THRUVISION GROUP PLC,GB00B627R876,LSE,FCA 
TI FLUID SYSTEMS PLC,GB00BYQB9V88,LSE,FCA 
TIGER ROYALTIES AND INVESTMENTS PLC,GB0002308525,LSE,FCA 
TIME OUT GROUP PLC,GB00BYYV0629,LSE,FCA 
TISSUE REGENIX GROUP PLC,GB00B5SGVL29,LSE,FCA 
TITON HOLDINGS PLC,GB0008941402,LSE,FCA 
TIZIANA LIFE SCIENCES PLC,GB00BKWNZY55,LSE,FCA 
TLOU ENERGY LIMITED,AU000000TOU2,LSE,FCA 
TMT INVESTMENTS PLC,JE00B3RQZ289,LSE,FCA 
TOC PROPERTY BACKED LENDING TRUST PLC,GB00BD0ND667,LSE,FCA 
TOMCO ENERGY PLC,IM00BZBXMN96,LSE,FCA 
TOOPLE PLC,GB00BZ8TP087,LSE,FCA 
TOPPS TILES PLC,GB00B18P5K83,LSE,FCA 
TOTALLY PLC,GB00BYM1JJ00,LSE,FCA 
TOTAL PRODUCE PLC,IE00B1HDWM43,LSE,FCA 
TOTAL SE,FR0000120271,LSE,FCA 
TOUCHSTAR PLC,GB00BD9YDB55,LSE,FCA 
TOUCHSTONE EXPLORATION INC,CA89156L1085,LSE,FCA 
TOWER RESOURCES PLC,GB00BZ6D6J81,LSE,FCA 
TOWN CENTRE SECURITIES PLC,GB0003062816,LSE,FCA 
TOYOTA MOTOR CORPORATION,JP3633400001,LSE,FCA 
TP GROUP PLC,GB0030591514,LSE,FCA 
TP ICAP PLC,GB00B1H0DZ51,LSE,FCA 
TRACKWISE DESIGNS PLC,GB00BFYT9999,LSE,FCA 
TRACSIS PLC,GB00B28HSF71,LSE,FCA 
TRAFALGAR PROPERTY GROUP PLC,GB00B0SP7491,LSE,FCA 
TRAINLINE PLC,GB00BKDTK925,LSE,FCA 
TRAKM8 HOLDINGS PLC,GB00B0P1RP10,LSE,FCA 
TRANSENSE TECHNOLOGIES PLC,GB00BDHDTH21,LSE,FCA 
TRANSGLOBE ENERGY CORPORATION,CA8936621066,LSE,FCA 
TRANS-SIBERIAN GOLD PLC,GB0033756866,LSE,FCA 
TRAVIS PERKINS PLC,GB0007739609,LSE,FCA 
TREATT PLC,GB00BKS7YK08,LSE,FCA 
TREMOR INTERNATIONAL LTD,IL0011320343,LSE,FCA 
TR EUROPEAN GROWTH TRUST PLC,GB0009066928,LSE,FCA 
TRIAD GROUP PLC,GB0009035741,LSE,FCA 
TRIAN INVESTORS 1 LIMITED,GG00BF52MW15,LSE,FCA 
TRIBAL GROUP PLC,GB0030181522,LSE,FCA 
TRICORN GROUP PLC,GB0009716340,LSE,FCA 
TRIDENT ROYALTIES PLC,GB00BF7J2535,LSE,FCA 
TRIFAST PLC,GB0008883927,LSE,FCA 
TRINITY EXPLORATION & PRODUCTION PLC,GB00B8JG4R91,LSE,FCA 
TRIPLE POINT ENERGY EFFICIENCY INFRASTRUCTURE COMPANY PLC,GB00BMCBZL07,LSE,FCA 
TRIPLE POINT INCOME VCT PLC,GB00BGSH2G43,LSE,FCA 
TRIPLE POINT INCOME VCT PLC,GB00BNCBFH30,LSE,FCA 
TRIPLE POINT INCOME VCT PLC,GB00BD89H869,LSE,FCA 
TRIPLE POINT SOCIAL HOUSING REIT PLC,GB00BF0P7H59,LSE,FCA 
TRIPLE POINT VCT 2011 PLC,GB00BNCBFM82,LSE,FCA 
TRIPLE POINT VCT 2011 PLC,GB00BYSQV489,LSE,FCA 
TRIPLE POINT VCT 2011 PLC,GB00BDTYGZ09,LSE,FCA 
TRI-STAR RESOURCES PLC,GB00BGDLPW84,LSE,FCA 
TRISTEL PLC,GB00B07RVT99,LSE,FCA 
TRITAX BIG BOX REIT PLC,GB00BG49KP99,LSE,FCA 
TRITAX EUROBOX PLC,GB00BG382L74,LSE,FCA 
TRITAX EUROBOX PLC,GB00BG382L74,LSE,FCA 
TROY INCOME & GROWTH TRUST PLC,GB0003708665,LSE,FCA 
TR PROPERTY INVESTMENT TRUST PLC,GB0009064097,LSE,FCA 
TRUFIN PLC,JE00BYVWJZ03,LSE,FCA 
TT ELECTRONICS PLC,GB0008711763,LSE,FCA 
TUFTON OCEANIC ASSETS LIMITED,GG00BDFC1649,LSE,FCA 
TUI AG,DE000TUAG000,LSE,FCA 
TULLOW OIL PLC,GB0001500809,LSE,FCA 
TUNGSTEN CORPORATION PLC,GB00B7Z0Q502,LSE,FCA 
TWENTYFOUR INCOME FUND LIMITED,GG00B90J5Z95,LSE,FCA 
TWENTYFOUR SELECT MONTHLY INCOME FUND LIMITED,GG00BJVDZ946,LSE,FCA 
TWO SHIELDS INVESTMENTS PLC,GB00BM97CN29,LSE,FCA 
TYMAN PLC,GB00B29H4253,LSE,FCA 
UAE OIL SERVICES PLC,IM00BF5G7P11,LSE,FCA 
U AND I GROUP PLC,GB0002668464,LSE,FCA 
UDG HEALTHCARE PUBLIC LIMITED COMPANY,IE0033024807,LSE,FCA 
UIL FINANCE LIMITED,BMG916101329,LSE,FCA 
UIL FINANCE LIMITED,BMG916102079,LSE,FCA 
UIL FINANCE LIMITED,BMG916101402,LSE,FCA 
UIL LIMITED,BMG917071026,LSE,FCA 
UK COMMERCIAL PROPERTY REIT LIMITED,GB00B19Z2J52,LSE,FCA 
UK MORTGAGES LIMITED,GG00BXDZMK63,LSE,FCA 
UK OIL & GAS PLC,GB00B9MRZS43,LSE,FCA 
UKRPRODUCT GROUP LIMITED,GB00B03HK741,LSE,FCA 
ULS TECHNOLOGY PLC,GB00BNG8T458,LSE,FCA 
ULTRA ELECTRONICS HOLDINGS PLC,GB0009123323,LSE,FCA 
UNICORN AIM VCT PLC,GB00B1RTFN43,LSE,FCA 
UNILEVER PLC,GB00B10RZP78,LSE,FCA 
UNION JACK OIL PLC,GB00B814XC94,LSE,FCA 
UNIPHAR PLC,IE00BJ5FQX74,LSE,FCA 
UNISYS CORPORATION,US9092143067,LSE,FCA 
UNITED CARPETS GROUP PLC,GB00B05J4D26,LSE,FCA 
UNITED UTILITIES GROUP PLC,GB00B39J2M42,LSE,FCA 
UNITE GROUP PLC,GB0006928617,LSE,FCA 
UNIVERSE GROUP PLC,GB0009483594,LSE,FCA 
UNIVISION ENGINEERING LIMITED,HK0000033065,LSE,FCA 
UP GLOBAL SOURCING HOLDINGS PLC,GB00BYX7MG58,LSE,FCA 
UPLAND RESOURCES LIMITED,JE00BJXN4P16,LSE,FCA 
URBAN&CIVIC PLC,GB00BKT04W07,LSE,FCA 
URBAN EXPOSURE PLC,GB00BFNSQ303,LSE,FCA 
URBAN LOGISTICS REIT PLC,GB00BYV8MN78,LSE,FCA 
URU METALS LIMITED,VGG930042012,LSE,FCA 
US SOLAR FUND PLC,GB00BJCWFX49,LSE,FCA 
US SOLAR FUND PLC,GB00BJCWFX49,LSE,FCA 
UTILICO EMERGING MARKETS TRUST PLC,GB00BD45S967,LSE,FCA 
"VAALCO ENERGY, INC.",US91851C2017,LSE,FCA 
VERTU CAPITAL LIMITED,KYG9341F1081,LSE,FCA 
VERTU MOTORS PLC,GB00B1GK4645,LSE,FCA 
VESUVIUS PLC,GB00B82YXW83,LSE,FCA 
VIANET GROUP PLC,GB00B13YVN56,LSE,FCA 
VICTORIA OIL & GAS PLC,GB00BRWR3752,LSE,FCA 
VICTORIA PLC,GB00BZC0LC10,LSE,FCA 
VICTREX PLC,GB0009292243,LSE,FCA 
VIETNAM ENTERPRISE INVESTMENTS LIMITED,KYG9361H1092,LSE,FCA 
VIETNAM HOLDING LIMITED,GG00BJQZ9H10,LSE,FCA 
VINACAPITAL VIETNAM OPPORTUNITY FUND LD,GG00BYXVT888,LSE,FCA 
VIRGIN MONEY UK PLC,GB00BD6GN030,LSE,FCA 
VISTRY GROUP PLC,GB0001859296,LSE,FCA 
VITEC GROUP PLC (THE),GB0009296665,LSE,FCA 
VIVO ENERGY PLC,GB00BDGT2M75,LSE,FCA 
VODAFONE GROUP PLC,GB00BH4HKS39,LSE,FCA 
VOLEX PLC,GB0009390070,LSE,FCA 
VOLGA GAS PLC,GB00BNDPZ073,LSE,FCA 
VOLGA GAS PLC,GB00B1VN4809,LSE,FCA 
VOLTA FINANCE LIMITED,GG00B1GHHH78,LSE,FCA 
VOLTA FINANCE LIMITED,GG00B1GHHH78,LSE,FCA 
VOLUTION GROUP PLC,GB00BN3ZZ526,LSE,FCA 
VOLVERE PLC,GB0032302688,LSE,FCA 
VPC SPECIALTY LENDING INVESTMENTS PLC,GB00BVG6X439,LSE,FCA 
VP PLC,GB0009286963,LSE,FCA 
VR EDUCATION HOLDINGS PLC,IE00BG0HDR01,LSE,FCA 
WALKER CRIPS GROUP PLC,GB00B1YMRV88,LSE,FCA 
WALKER GREENBANK PLC,GB0003061511,LSE,FCA 
WAMEJA LIMITED,AU0000053472,LSE,FCA 
WANDISCO PLC,JE00B6Y3DV84,LSE,FCA 
WAREHOUSE REIT PLC,GB00BD2NCM38,LSE,FCA 
WARPAINT LONDON PLC,GB00BYMF3676,LSE,FCA 
WATCHES OF SWITZERLAND GROUP PLC,GB00BJDQQ870,LSE,FCA 
WATCHSTONE GROUP PLC,GB00BYNBFN51,LSE,FCA 
WATER INTELLIGENCE PLC,GB00BZ973D04,LSE,FCA 
WATKIN JONES PLC,GB00BD6RF223,LSE,FCA 
WEBIS HOLDINGS PLC,GB0004126271,LSE,FCA 
WEIR GROUP PLC,GB0009465807,LSE,FCA 
WEISS KOREA OPPORTUNITY FUND LTD.,GG00B933LL68,LSE,FCA 
WENTWORTH RESOURCES PLC,JE00BGT34J81,LSE,FCA 
WESTMINSTER GROUP PLC,GB00B1XLC220,LSE,FCA 
WESTMOUNT ENERGY LIMITED,GB00B0S5KR31,LSE,FCA 
WETHERSPOON ( J.D.) PLC,GB0001638955,LSE,FCA 
WEY EDUCATION PLC,GB00B54NKM12,LSE,FCA 
WHEATON PRECIOUS METALS CORP.,CA9628791027,LSE,FCA 
W.H. IRELAND GROUP PLC,GB0009241885,LSE,FCA 
WHITBREAD PLC,GB00B1KJJ408,LSE,FCA 
WH SMITH PLC,GB00B2PDGW16,LSE,FCA 